date,strategy,slot,charge_mw,discharge_mw,soc_start_mwh,soc_end_mwh,forecast_price,actual_price
2024-04-01,no_operation,1,0.0,0.0,0.5,0.5,,8.57
2024-04-01,no_operation,2,0.0,0.0,0.5,0.5,,8.59
2024-04-01,no_operation,3,0.0,0.0,0.5,0.5,,8.86
2024-04-01,no_operation,4,0.0,0.0,0.5,0.5,,8.95
2024-04-01,no_operation,5,0.0,0.0,0.5,0.5,,9.0
2024-04-01,no_operation,6,0.0,0.0,0.5,0.5,,9.13
2024-04-01,no_operation,7,0.0,0.0,0.5,0.5,,9.31
2024-04-01,no_operation,8,0.0,0.0,0.5,0.5,,9.2
2024-04-01,no_operation,9,0.0,0.0,0.5,0.5,,9.5
2024-04-01,no_operation,10,0.0,0.0,0.5,0.5,,9.54
2024-04-01,no_operation,11,0.0,0.0,0.5,0.5,,10.01
2024-04-01,no_operation,12,0.0,0.0,0.5,0.5,,10.0
2024-04-01,no_operation,13,0.0,0.0,0.5,0.5,,10.04
2024-04-01,no_operation,14,0.0,0.0,0.5,0.5,,9.55
2024-04-01,no_operation,15,0.0,0.0,0.5,0.5,,9.06
2024-04-01,no_operation,16,0.0,0.0,0.5,0.5,,8.77
2024-04-01,no_operation,17,0.0,0.0,0.5,0.5,,7.17
2024-04-01,no_operation,18,0.0,0.0,0.5,0.5,,6.01
2024-04-01,no_operation,19,0.0,0.0,0.5,0.5,,3.0
2024-04-01,no_operation,20,0.0,0.0,0.5,0.5,,0.5
2024-04-01,no_operation,21,0.0,0.0,0.5,0.5,,0.02
2024-04-01,no_operation,22,0.0,0.0,0.5,0.5,,0.01
2024-04-01,no_operation,23,0.0,0.0,0.5,0.5,,0.01
2024-04-01,no_operation,24,0.0,0.0,0.5,0.5,,0.01
2024-04-01,no_operation,25,0.0,0.0,0.5,0.5,,0.01
2024-04-01,no_operation,26,0.0,0.0,0.5,0.5,,0.01
2024-04-01,no_operation,27,0.0,0.0,0.5,0.5,,0.01
2024-04-01,no_operation,28,0.0,0.0,0.5,0.5,,0.01
2024-04-01,no_operation,29,0.0,0.0,0.5,0.5,,0.01
2024-04-01,no_operation,30,0.0,0.0,0.5,0.5,,0.01
2024-04-01,no_operation,31,0.0,0.0,0.5,0.5,,0.01
2024-04-01,no_operation,32,0.0,0.0,0.5,0.5,,5.0
2024-04-01,no_operation,33,0.0,0.0,0.5,0.5,,8.89
2024-04-01,no_operation,34,0.0,0.0,0.5,0.5,,9.78
2024-04-01,no_operation,35,0.0,0.0,0.5,0.5,,11.17
2024-04-01,no_operation,36,0.0,0.0,0.5,0.5,,13.15
2024-04-01,no_operation,37,0.0,0.0,0.5,0.5,,13.09
2024-04-01,no_operation,38,0.0,0.0,0.5,0.5,,15.0
2024-04-01,no_operation,39,0.0,0.0,0.5,0.5,,14.46
2024-04-01,no_operation,40,0.0,0.0,0.5,0.5,,12.85
2024-04-01,no_operation,41,0.0,0.0,0.5,0.5,,11.75
2024-04-01,no_operation,42,0.0,0.0,0.5,0.5,,11.68
2024-04-01,no_operation,43,0.0,0.0,0.5,0.5,,11.65
2024-04-01,no_operation,44,0.0,0.0,0.5,0.5,,10.32
2024-04-01,no_operation,45,0.0,0.0,0.5,0.5,,10.44
2024-04-01,no_operation,46,0.0,0.0,0.5,0.5,,9.78
2024-04-01,no_operation,47,0.0,0.0,0.5,0.5,,9.71
2024-04-01,no_operation,48,0.0,0.0,0.5,0.5,,9.08
2024-04-02,no_operation,1,0.0,0.0,0.5,0.5,,9.39
2024-04-02,no_operation,2,0.0,0.0,0.5,0.5,,9.38
2024-04-02,no_operation,3,0.0,0.0,0.5,0.5,,9.4
2024-04-02,no_operation,4,0.0,0.0,0.5,0.5,,9.62
2024-04-02,no_operation,5,0.0,0.0,0.5,0.5,,9.7
2024-04-02,no_operation,6,0.0,0.0,0.5,0.5,,10.32
2024-04-02,no_operation,7,0.0,0.0,0.5,0.5,,10.39
2024-04-02,no_operation,8,0.0,0.0,0.5,0.5,,10.45
2024-04-02,no_operation,9,0.0,0.0,0.5,0.5,,11.0
2024-04-02,no_operation,10,0.0,0.0,0.5,0.5,,11.19
2024-04-02,no_operation,11,0.0,0.0,0.5,0.5,,12.0
2024-04-02,no_operation,12,0.0,0.0,0.5,0.5,,12.47
2024-04-02,no_operation,13,0.0,0.0,0.5,0.5,,12.47
2024-04-02,no_operation,14,0.0,0.0,0.5,0.5,,10.61
2024-04-02,no_operation,15,0.0,0.0,0.5,0.5,,9.22
2024-04-02,no_operation,16,0.0,0.0,0.5,0.5,,8.66
2024-04-02,no_operation,17,0.0,0.0,0.5,0.5,,7.52
2024-04-02,no_operation,18,0.0,0.0,0.5,0.5,,7.0
2024-04-02,no_operation,19,0.0,0.0,0.5,0.5,,7.17
2024-04-02,no_operation,20,0.0,0.0,0.5,0.5,,5.21
2024-04-02,no_operation,21,0.0,0.0,0.5,0.5,,4.72
2024-04-02,no_operation,22,0.0,0.0,0.5,0.5,,3.0
2024-04-02,no_operation,23,0.0,0.0,0.5,0.5,,1.0
2024-04-02,no_operation,24,0.0,0.0,0.5,0.5,,0.04
2024-04-02,no_operation,25,0.0,0.0,0.5,0.5,,0.01
2024-04-02,no_operation,26,0.0,0.0,0.5,0.5,,0.01
2024-04-02,no_operation,27,0.0,0.0,0.5,0.5,,0.02
2024-04-02,no_operation,28,0.0,0.0,0.5,0.5,,2.0
2024-04-02,no_operation,29,0.0,0.0,0.5,0.5,,3.26
2024-04-02,no_operation,30,0.0,0.0,0.5,0.5,,4.25
2024-04-02,no_operation,31,0.0,0.0,0.5,0.5,,7.0
2024-04-02,no_operation,32,0.0,0.0,0.5,0.5,,8.89
2024-04-02,no_operation,33,0.0,0.0,0.5,0.5,,9.02
2024-04-02,no_operation,34,0.0,0.0,0.5,0.5,,9.7
2024-04-02,no_operation,35,0.0,0.0,0.5,0.5,,11.54
2024-04-02,no_operation,36,0.0,0.0,0.5,0.5,,14.04
2024-04-02,no_operation,37,0.0,0.0,0.5,0.5,,14.29
2024-04-02,no_operation,38,0.0,0.0,0.5,0.5,,14.21
2024-04-02,no_operation,39,0.0,0.0,0.5,0.5,,13.98
2024-04-02,no_operation,40,0.0,0.0,0.5,0.5,,12.85
2024-04-02,no_operation,41,0.0,0.0,0.5,0.5,,13.0
2024-04-02,no_operation,42,0.0,0.0,0.5,0.5,,12.25
2024-04-02,no_operation,43,0.0,0.0,0.5,0.5,,12.0
2024-04-02,no_operation,44,0.0,0.0,0.5,0.5,,11.67
2024-04-02,no_operation,45,0.0,0.0,0.5,0.5,,11.81
2024-04-02,no_operation,46,0.0,0.0,0.5,0.5,,10.0
2024-04-02,no_operation,47,0.0,0.0,0.5,0.5,,9.8
2024-04-02,no_operation,48,0.0,0.0,0.5,0.5,,9.02
2024-04-03,no_operation,1,0.0,0.0,0.5,0.5,,9.25
2024-04-03,no_operation,2,0.0,0.0,0.5,0.5,,9.0
2024-04-03,no_operation,3,0.0,0.0,0.5,0.5,,8.95
2024-04-03,no_operation,4,0.0,0.0,0.5,0.5,,9.0
2024-04-03,no_operation,5,0.0,0.0,0.5,0.5,,9.02
2024-04-03,no_operation,6,0.0,0.0,0.5,0.5,,9.2
2024-04-03,no_operation,7,0.0,0.0,0.5,0.5,,9.7
2024-04-03,no_operation,8,0.0,0.0,0.5,0.5,,10.0
2024-04-03,no_operation,9,0.0,0.0,0.5,0.5,,9.78
2024-04-03,no_operation,10,0.0,0.0,0.5,0.5,,9.75
2024-04-03,no_operation,11,0.0,0.0,0.5,0.5,,10.02
2024-04-03,no_operation,12,0.0,0.0,0.5,0.5,,9.66
2024-04-03,no_operation,13,0.0,0.0,0.5,0.5,,9.57
2024-04-03,no_operation,14,0.0,0.0,0.5,0.5,,9.55
2024-04-03,no_operation,15,0.0,0.0,0.5,0.5,,9.6
2024-04-03,no_operation,16,0.0,0.0,0.5,0.5,,10.07
2024-04-03,no_operation,17,0.0,0.0,0.5,0.5,,10.5
2024-04-03,no_operation,18,0.0,0.0,0.5,0.5,,11.35
2024-04-03,no_operation,19,0.0,0.0,0.5,0.5,,13.97
2024-04-03,no_operation,20,0.0,0.0,0.5,0.5,,12.85
2024-04-03,no_operation,21,0.0,0.0,0.5,0.5,,12.0
2024-04-03,no_operation,22,0.0,0.0,0.5,0.5,,12.0
2024-04-03,no_operation,23,0.0,0.0,0.5,0.5,,12.97
2024-04-03,no_operation,24,0.0,0.0,0.5,0.5,,12.44
2024-04-03,no_operation,25,0.0,0.0,0.5,0.5,,10.14
2024-04-03,no_operation,26,0.0,0.0,0.5,0.5,,10.14
2024-04-03,no_operation,27,0.0,0.0,0.5,0.5,,12.5
2024-04-03,no_operation,28,0.0,0.0,0.5,0.5,,13.18
2024-04-03,no_operation,29,0.0,0.0,0.5,0.5,,13.09
2024-04-03,no_operation,30,0.0,0.0,0.5,0.5,,13.09
2024-04-03,no_operation,31,0.0,0.0,0.5,0.5,,12.0
2024-04-03,no_operation,32,0.0,0.0,0.5,0.5,,14.0
2024-04-03,no_operation,33,0.0,0.0,0.5,0.5,,16.28
2024-04-03,no_operation,34,0.0,0.0,0.5,0.5,,16.28
2024-04-03,no_operation,35,0.0,0.0,0.5,0.5,,16.28
2024-04-03,no_operation,36,0.0,0.0,0.5,0.5,,16.28
2024-04-03,no_operation,37,0.0,0.0,0.5,0.5,,16.28
2024-04-03,no_operation,38,0.0,0.0,0.5,0.5,,16.28
2024-04-03,no_operation,39,0.0,0.0,0.5,0.5,,15.5
2024-04-03,no_operation,40,0.0,0.0,0.5,0.5,,14.16
2024-04-03,no_operation,41,0.0,0.0,0.5,0.5,,13.5
2024-04-03,no_operation,42,0.0,0.0,0.5,0.5,,12.5
2024-04-03,no_operation,43,0.0,0.0,0.5,0.5,,11.93
2024-04-03,no_operation,44,0.0,0.0,0.5,0.5,,10.58
2024-04-03,no_operation,45,0.0,0.0,0.5,0.5,,10.49
2024-04-03,no_operation,46,0.0,0.0,0.5,0.5,,9.7
2024-04-03,no_operation,47,0.0,0.0,0.5,0.5,,9.7
2024-04-03,no_operation,48,0.0,0.0,0.5,0.5,,8.95
2024-04-04,no_operation,1,0.0,0.0,0.5,0.5,,9.8
2024-04-04,no_operation,2,0.0,0.0,0.5,0.5,,10.5
2024-04-04,no_operation,3,0.0,0.0,0.5,0.5,,10.5
2024-04-04,no_operation,4,0.0,0.0,0.5,0.5,,10.49
2024-04-04,no_operation,5,0.0,0.0,0.5,0.5,,10.52
2024-04-04,no_operation,6,0.0,0.0,0.5,0.5,,10.43
2024-04-04,no_operation,7,0.0,0.0,0.5,0.5,,10.89
2024-04-04,no_operation,8,0.0,0.0,0.5,0.5,,10.77
2024-04-04,no_operation,9,0.0,0.0,0.5,0.5,,11.23
2024-04-04,no_operation,10,0.0,0.0,0.5,0.5,,11.79
2024-04-04,no_operation,11,0.0,0.0,0.5,0.5,,12.75
2024-04-04,no_operation,12,0.0,0.0,0.5,0.5,,11.76
2024-04-04,no_operation,13,0.0,0.0,0.5,0.5,,12.0
2024-04-04,no_operation,14,0.0,0.0,0.5,0.5,,13.15
2024-04-04,no_operation,15,0.0,0.0,0.5,0.5,,11.95
2024-04-04,no_operation,16,0.0,0.0,0.5,0.5,,10.32
2024-04-04,no_operation,17,0.0,0.0,0.5,0.5,,10.0
2024-04-04,no_operation,18,0.0,0.0,0.5,0.5,,9.33
2024-04-04,no_operation,19,0.0,0.0,0.5,0.5,,9.75
2024-04-04,no_operation,20,0.0,0.0,0.5,0.5,,9.25
2024-04-04,no_operation,21,0.0,0.0,0.5,0.5,,8.95
2024-04-04,no_operation,22,0.0,0.0,0.5,0.5,,8.82
2024-04-04,no_operation,23,0.0,0.0,0.5,0.5,,8.7
2024-04-04,no_operation,24,0.0,0.0,0.5,0.5,,7.96
2024-04-04,no_operation,25,0.0,0.0,0.5,0.5,,7.15
2024-04-04,no_operation,26,0.0,0.0,0.5,0.5,,7.15
2024-04-04,no_operation,27,0.0,0.0,0.5,0.5,,8.7
2024-04-04,no_operation,28,0.0,0.0,0.5,0.5,,8.86
2024-04-04,no_operation,29,0.0,0.0,0.5,0.5,,8.95
2024-04-04,no_operation,30,0.0,0.0,0.5,0.5,,8.94
2024-04-04,no_operation,31,0.0,0.0,0.5,0.5,,9.12
2024-04-04,no_operation,32,0.0,0.0,0.5,0.5,,9.66
2024-04-04,no_operation,33,0.0,0.0,0.5,0.5,,10.02
2024-04-04,no_operation,34,0.0,0.0,0.5,0.5,,10.52
2024-04-04,no_operation,35,0.0,0.0,0.5,0.5,,12.0
2024-04-04,no_operation,36,0.0,0.0,0.5,0.5,,14.5
2024-04-04,no_operation,37,0.0,0.0,0.5,0.5,,12.75
2024-04-04,no_operation,38,0.0,0.0,0.5,0.5,,12.75
2024-04-04,no_operation,39,0.0,0.0,0.5,0.5,,12.75
2024-04-04,no_operation,40,0.0,0.0,0.5,0.5,,12.32
2024-04-04,no_operation,41,0.0,0.0,0.5,0.5,,12.46
2024-04-04,no_operation,42,0.0,0.0,0.5,0.5,,12.0
2024-04-04,no_operation,43,0.0,0.0,0.5,0.5,,12.0
2024-04-04,no_operation,44,0.0,0.0,0.5,0.5,,10.89
2024-04-04,no_operation,45,0.0,0.0,0.5,0.5,,11.86
2024-04-04,no_operation,46,0.0,0.0,0.5,0.5,,10.14
2024-04-04,no_operation,47,0.0,0.0,0.5,0.5,,9.57
2024-04-04,no_operation,48,0.0,0.0,0.5,0.5,,9.02
2024-04-05,no_operation,1,0.0,0.0,0.5,0.5,,9.53
2024-04-05,no_operation,2,0.0,0.0,0.5,0.5,,10.02
2024-04-05,no_operation,3,0.0,0.0,0.5,0.5,,10.0
2024-04-05,no_operation,4,0.0,0.0,0.5,0.5,,10.02
2024-04-05,no_operation,5,0.0,0.0,0.5,0.5,,10.02
2024-04-05,no_operation,6,0.0,0.0,0.5,0.5,,10.3
2024-04-05,no_operation,7,0.0,0.0,0.5,0.5,,10.39
2024-04-05,no_operation,8,0.0,0.0,0.5,0.5,,10.51
2024-04-05,no_operation,9,0.0,0.0,0.5,0.5,,10.66
2024-04-05,no_operation,10,0.0,0.0,0.5,0.5,,11.18
2024-04-05,no_operation,11,0.0,0.0,0.5,0.5,,12.55
2024-04-05,no_operation,12,0.0,0.0,0.5,0.5,,11.61
2024-04-05,no_operation,13,0.0,0.0,0.5,0.5,,12.0
2024-04-05,no_operation,14,0.0,0.0,0.5,0.5,,12.0
2024-04-05,no_operation,15,0.0,0.0,0.5,0.5,,10.89
2024-04-05,no_operation,16,0.0,0.0,0.5,0.5,,9.87
2024-04-05,no_operation,17,0.0,0.0,0.5,0.5,,9.39
2024-04-05,no_operation,18,0.0,0.0,0.5,0.5,,9.41
2024-04-05,no_operation,19,0.0,0.0,0.5,0.5,,9.31
2024-04-05,no_operation,20,0.0,0.0,0.5,0.5,,9.18
2024-04-05,no_operation,21,0.0,0.0,0.5,0.5,,9.13
2024-04-05,no_operation,22,0.0,0.0,0.5,0.5,,8.68
2024-04-05,no_operation,23,0.0,0.0,0.5,0.5,,8.51
2024-04-05,no_operation,24,0.0,0.0,0.5,0.5,,8.68
2024-04-05,no_operation,25,0.0,0.0,0.5,0.5,,8.0
2024-04-05,no_operation,26,0.0,0.0,0.5,0.5,,7.77
2024-04-05,no_operation,27,0.0,0.0,0.5,0.5,,8.68
2024-04-05,no_operation,28,0.0,0.0,0.5,0.5,,8.95
2024-04-05,no_operation,29,0.0,0.0,0.5,0.5,,9.07
2024-04-05,no_operation,30,0.0,0.0,0.5,0.5,,9.03
2024-04-05,no_operation,31,0.0,0.0,0.5,0.5,,9.22
2024-04-05,no_operation,32,0.0,0.0,0.5,0.5,,9.69
2024-04-05,no_operation,33,0.0,0.0,0.5,0.5,,10.32
2024-04-05,no_operation,34,0.0,0.0,0.5,0.5,,11.41
2024-04-05,no_operation,35,0.0,0.0,0.5,0.5,,12.0
2024-04-05,no_operation,36,0.0,0.0,0.5,0.5,,13.09
2024-04-05,no_operation,37,0.0,0.0,0.5,0.5,,13.67
2024-04-05,no_operation,38,0.0,0.0,0.5,0.5,,16.03
2024-04-05,no_operation,39,0.0,0.0,0.5,0.5,,14.0
2024-04-05,no_operation,40,0.0,0.0,0.5,0.5,,13.9
2024-04-05,no_operation,41,0.0,0.0,0.5,0.5,,13.21
2024-04-05,no_operation,42,0.0,0.0,0.5,0.5,,13.09
2024-04-05,no_operation,43,0.0,0.0,0.5,0.5,,12.85
2024-04-05,no_operation,44,0.0,0.0,0.5,0.5,,12.55
2024-04-05,no_operation,45,0.0,0.0,0.5,0.5,,12.59
2024-04-05,no_operation,46,0.0,0.0,0.5,0.5,,11.0
2024-04-05,no_operation,47,0.0,0.0,0.5,0.5,,10.3
2024-04-05,no_operation,48,0.0,0.0,0.5,0.5,,9.74
2024-04-06,no_operation,1,0.0,0.0,0.5,0.5,,10.5
2024-04-06,no_operation,2,0.0,0.0,0.5,0.5,,10.26
2024-04-06,no_operation,3,0.0,0.0,0.5,0.5,,10.42
2024-04-06,no_operation,4,0.0,0.0,0.5,0.5,,10.95
2024-04-06,no_operation,5,0.0,0.0,0.5,0.5,,11.54
2024-04-06,no_operation,6,0.0,0.0,0.5,0.5,,12.0
2024-04-06,no_operation,7,0.0,0.0,0.5,0.5,,12.27
2024-04-06,no_operation,8,0.0,0.0,0.5,0.5,,12.85
2024-04-06,no_operation,9,0.0,0.0,0.5,0.5,,12.85
2024-04-06,no_operation,10,0.0,0.0,0.5,0.5,,12.85
2024-04-06,no_operation,11,0.0,0.0,0.5,0.5,,12.85
2024-04-06,no_operation,12,0.0,0.0,0.5,0.5,,12.63
2024-04-06,no_operation,13,0.0,0.0,0.5,0.5,,11.99
2024-04-06,no_operation,14,0.0,0.0,0.5,0.5,,10.37
2024-04-06,no_operation,15,0.0,0.0,0.5,0.5,,9.47
2024-04-06,no_operation,16,0.0,0.0,0.5,0.5,,9.11
2024-04-06,no_operation,17,0.0,0.0,0.5,0.5,,9.11
2024-04-06,no_operation,18,0.0,0.0,0.5,0.5,,9.07
2024-04-06,no_operation,19,0.0,0.0,0.5,0.5,,9.03
2024-04-06,no_operation,20,0.0,0.0,0.5,0.5,,8.19
2024-04-06,no_operation,21,0.0,0.0,0.5,0.5,,7.0
2024-04-06,no_operation,22,0.0,0.0,0.5,0.5,,5.0
2024-04-06,no_operation,23,0.0,0.0,0.5,0.5,,4.0
2024-04-06,no_operation,24,0.0,0.0,0.5,0.5,,3.5
2024-04-06,no_operation,25,0.0,0.0,0.5,0.5,,3.0
2024-04-06,no_operation,26,0.0,0.0,0.5,0.5,,3.0
2024-04-06,no_operation,27,0.0,0.0,0.5,0.5,,5.27
2024-04-06,no_operation,28,0.0,0.0,0.5,0.5,,7.3
2024-04-06,no_operation,29,0.0,0.0,0.5,0.5,,7.92
2024-04-06,no_operation,30,0.0,0.0,0.5,0.5,,8.78
2024-04-06,no_operation,31,0.0,0.0,0.5,0.5,,9.14
2024-04-06,no_operation,32,0.0,0.0,0.5,0.5,,9.73
2024-04-06,no_operation,33,0.0,0.0,0.5,0.5,,9.67
2024-04-06,no_operation,34,0.0,0.0,0.5,0.5,,10.46
2024-04-06,no_operation,35,0.0,0.0,0.5,0.5,,10.63
2024-04-06,no_operation,36,0.0,0.0,0.5,0.5,,11.95
2024-04-06,no_operation,37,0.0,0.0,0.5,0.5,,12.85
2024-04-06,no_operation,38,0.0,0.0,0.5,0.5,,13.47
2024-04-06,no_operation,39,0.0,0.0,0.5,0.5,,12.65
2024-04-06,no_operation,40,0.0,0.0,0.5,0.5,,12.55
2024-04-06,no_operation,41,0.0,0.0,0.5,0.5,,12.0
2024-04-06,no_operation,42,0.0,0.0,0.5,0.5,,11.58
2024-04-06,no_operation,43,0.0,0.0,0.5,0.5,,11.33
2024-04-06,no_operation,44,0.0,0.0,0.5,0.5,,10.46
2024-04-06,no_operation,45,0.0,0.0,0.5,0.5,,10.62
2024-04-06,no_operation,46,0.0,0.0,0.5,0.5,,10.19
2024-04-06,no_operation,47,0.0,0.0,0.5,0.5,,10.22
2024-04-06,no_operation,48,0.0,0.0,0.5,0.5,,9.52
2024-04-07,no_operation,1,0.0,0.0,0.5,0.5,,10.96
2024-04-07,no_operation,2,0.0,0.0,0.5,0.5,,10.23
2024-04-07,no_operation,3,0.0,0.0,0.5,0.5,,10.11
2024-04-07,no_operation,4,0.0,0.0,0.5,0.5,,9.98
2024-04-07,no_operation,5,0.0,0.0,0.5,0.5,,10.16
2024-04-07,no_operation,6,0.0,0.0,0.5,0.5,,10.3
2024-04-07,no_operation,7,0.0,0.0,0.5,0.5,,10.41
2024-04-07,no_operation,8,0.0,0.0,0.5,0.5,,11.01
2024-04-07,no_operation,9,0.0,0.0,0.5,0.5,,10.5
2024-04-07,no_operation,10,0.0,0.0,0.5,0.5,,10.52
2024-04-07,no_operation,11,0.0,0.0,0.5,0.5,,10.45
2024-04-07,no_operation,12,0.0,0.0,0.5,0.5,,10.19
2024-04-07,no_operation,13,0.0,0.0,0.5,0.5,,9.88
2024-04-07,no_operation,14,0.0,0.0,0.5,0.5,,9.85
2024-04-07,no_operation,15,0.0,0.0,0.5,0.5,,8.95
2024-04-07,no_operation,16,0.0,0.0,0.5,0.5,,7.88
2024-04-07,no_operation,17,0.0,0.0,0.5,0.5,,8.12
2024-04-07,no_operation,18,0.0,0.0,0.5,0.5,,7.3
2024-04-07,no_operation,19,0.0,0.0,0.5,0.5,,5.4
2024-04-07,no_operation,20,0.0,0.0,0.5,0.5,,3.01
2024-04-07,no_operation,21,0.0,0.0,0.5,0.5,,0.01
2024-04-07,no_operation,22,0.0,0.0,0.5,0.5,,0.01
2024-04-07,no_operation,23,0.0,0.0,0.5,0.5,,0.01
2024-04-07,no_operation,24,0.0,0.0,0.5,0.5,,0.01
2024-04-07,no_operation,25,0.0,0.0,0.5,0.5,,0.01
2024-04-07,no_operation,26,0.0,0.0,0.5,0.5,,0.01
2024-04-07,no_operation,27,0.0,0.0,0.5,0.5,,0.01
2024-04-07,no_operation,28,0.0,0.0,0.5,0.5,,0.01
2024-04-07,no_operation,29,0.0,0.0,0.5,0.5,,0.03
2024-04-07,no_operation,30,0.0,0.0,0.5,0.5,,1.0
2024-04-07,no_operation,31,0.0,0.0,0.5,0.5,,3.0
2024-04-07,no_operation,32,0.0,0.0,0.5,0.5,,7.61
2024-04-07,no_operation,33,0.0,0.0,0.5,0.5,,8.51
2024-04-07,no_operation,34,0.0,0.0,0.5,0.5,,9.24
2024-04-07,no_operation,35,0.0,0.0,0.5,0.5,,10.03
2024-04-07,no_operation,36,0.0,0.0,0.5,0.5,,11.95
2024-04-07,no_operation,37,0.0,0.0,0.5,0.5,,13.4
2024-04-07,no_operation,38,0.0,0.0,0.5,0.5,,12.85
2024-04-07,no_operation,39,0.0,0.0,0.5,0.5,,13.0
2024-04-07,no_operation,40,0.0,0.0,0.5,0.5,,12.8
2024-04-07,no_operation,41,0.0,0.0,0.5,0.5,,12.49
2024-04-07,no_operation,42,0.0,0.0,0.5,0.5,,11.59
2024-04-07,no_operation,43,0.0,0.0,0.5,0.5,,12.55
2024-04-07,no_operation,44,0.0,0.0,0.5,0.5,,11.54
2024-04-07,no_operation,45,0.0,0.0,0.5,0.5,,10.26
2024-04-07,no_operation,46,0.0,0.0,0.5,0.5,,9.96
2024-04-07,no_operation,47,0.0,0.0,0.5,0.5,,9.95
2024-04-07,no_operation,48,0.0,0.0,0.5,0.5,,9.5
2024-04-01,naive_forecast,1,0.0,0.0,0.5,0.5,9.49,8.57
2024-04-01,naive_forecast,2,0.5,0.0,0.5,0.7375,9.28,8.59
2024-04-01,naive_forecast,3,0.3421052631578947,0.0,0.7375,0.9,9.3,8.86
2024-04-01,naive_forecast,4,0.0,0.0,0.9,0.9,9.47,8.95
2024-04-01,naive_forecast,5,0.0,0.0,0.9,0.9,9.74,9.0
2024-04-01,naive_forecast,6,0.0,-0.0,0.9,0.9,10.4,9.13
2024-04-01,naive_forecast,7,0.0,0.0,0.9,0.9,11.03,9.31
2024-04-01,naive_forecast,8,0.0,0.5,0.9,0.6368421052631579,11.59,9.2
2024-04-01,naive_forecast,9,0.0,0.020000000000000063,0.6368421052631579,0.6263157894736842,11.43,9.5
2024-04-01,naive_forecast,10,0.0,0.5,0.6263157894736842,0.3631578947368421,11.8,9.54
2024-04-01,naive_forecast,11,0.0,0.5,0.3631578947368421,0.1,11.8,10.01
2024-04-01,naive_forecast,12,0.0,0.0,0.1,0.1,10.17,10.0
2024-04-01,naive_forecast,13,-0.0,0.0,0.1,0.1,9.25,10.04
2024-04-01,naive_forecast,14,0.0,-0.0,0.1,0.1,8.5,9.55
2024-04-01,naive_forecast,15,-0.0,0.0,0.1,0.1,6.0,9.06
2024-04-01,naive_forecast,16,-0.0,0.0,0.1,0.1,0.3,8.77
2024-04-01,naive_forecast,17,-0.0,0.0,0.1,0.1,0.01,7.17
2024-04-01,naive_forecast,18,-0.0,0.0,0.1,0.1,0.01,6.01
2024-04-01,naive_forecast,19,-0.0,0.0,0.1,0.1,0.01,3.0
2024-04-01,naive_forecast,20,-0.0,0.0,0.1,0.1,0.01,0.5
2024-04-01,naive_forecast,21,-0.0,0.0,0.1,0.1,0.01,0.02
2024-04-01,naive_forecast,22,-0.0,0.0,0.1,0.1,0.01,0.01
2024-04-01,naive_forecast,23,-0.0,0.0,0.1,0.10000000000000006,0.01,0.01
2024-04-01,naive_forecast,24,-0.0,0.0,0.10000000000000006,0.09999999999999998,0.01,0.01
2024-04-01,naive_forecast,25,0.18421052631578966,0.0,0.09999999999999998,0.18750000000000006,0.01,0.01
2024-04-01,naive_forecast,26,-0.0,0.0,0.18750000000000006,0.18750000000000006,0.01,0.01
2024-04-01,naive_forecast,27,0.5000000000000001,0.0,0.18750000000000006,0.4250000000000001,0.01,0.01
2024-04-01,naive_forecast,28,0.5,0.0,0.4250000000000001,0.6625000000000001,0.01,0.01
2024-04-01,naive_forecast,29,0.5,0.0,0.6625000000000001,0.9,0.01,0.01
2024-04-01,naive_forecast,30,0.0,-0.0,0.9,0.9,0.3,0.01
2024-04-01,naive_forecast,31,0.0,-0.0,0.9,0.9,3.0,0.01
2024-04-01,naive_forecast,32,0.0,0.0,0.9,0.9,3.0,5.0
2024-04-01,naive_forecast,33,0.0,-0.0,0.9,0.9,7.48,8.89
2024-04-01,naive_forecast,34,-0.0,0.0,0.9,0.9,8.89,9.78
2024-04-01,naive_forecast,35,-0.0,0.0,0.9,0.9,10.0,11.17
2024-04-01,naive_forecast,36,0.0,0.5,0.9,0.6368421052631579,11.91,13.15
2024-04-01,naive_forecast,37,0.0,0.0,0.6368421052631579,0.6368421052631579,11.8,13.09
2024-04-01,naive_forecast,38,0.0,0.5,0.6368421052631579,0.3736842105263158,12.34,15.0
2024-04-01,naive_forecast,39,0.0,0.5,0.3736842105263158,0.1105263157894737,12.22,14.46
2024-04-01,naive_forecast,40,0.0,0.0,0.1105263157894737,0.1105263157894737,11.8,12.85
2024-04-01,naive_forecast,41,0.0,0.02000000000000001,0.1105263157894737,0.1,11.8,11.75
2024-04-01,naive_forecast,42,0.0,-0.0,0.1,0.1,11.0,11.68
2024-04-01,naive_forecast,43,0.0,0.0,0.1,0.1,10.49,11.65
2024-04-01,naive_forecast,44,0.0,0.0,0.1,0.1,10.0,10.32
2024-04-01,naive_forecast,45,0.0,0.0,0.1,0.1,9.82,10.44
2024-04-01,naive_forecast,46,0.0,0.0,0.1,0.1,9.25,9.78
2024-04-01,naive_forecast,47,0.34210526315789475,0.0,0.1,0.2625,9.0,9.71
2024-04-01,naive_forecast,48,0.5,0.0,0.2625,0.5,8.84,9.08
2024-04-02,naive_forecast,1,0.5,0.0,0.5,0.7375,8.57,9.39
2024-04-02,naive_forecast,2,0.3421052631578949,0.0,0.7375,0.9,8.59,9.38
2024-04-02,naive_forecast,3,0.0,0.0,0.9,0.9,8.86,9.4
2024-04-02,naive_forecast,4,0.0,0.0,0.9,0.9,8.95,9.62
2024-04-02,naive_forecast,5,0.0,0.0,0.9,0.9,9.0,9.7
2024-04-02,naive_forecast,6,0.0,0.0,0.9,0.9,9.13,10.32
2024-04-02,naive_forecast,7,0.0,0.0,0.9,0.9,9.31,10.39
2024-04-02,naive_forecast,8,0.0,0.0,0.9,0.9,9.2,10.45
2024-04-02,naive_forecast,9,0.0,0.0,0.9,0.9,9.5,11.0
2024-04-02,naive_forecast,10,0.0,0.0,0.9,0.9,9.54,11.19
2024-04-02,naive_forecast,11,0.0,0.5,0.9,0.6368421052631579,10.01,12.0
2024-04-02,naive_forecast,12,0.0,0.5,0.6368421052631579,0.3736842105263158,10.0,12.47
2024-04-02,naive_forecast,13,0.0,0.5,0.3736842105263158,0.1105263157894737,10.04,12.47
2024-04-02,naive_forecast,14,0.0,0.02000000000000001,0.1105263157894737,0.1,9.55,10.61
2024-04-02,naive_forecast,15,0.0,0.0,0.1,0.1,9.06,9.22
2024-04-02,naive_forecast,16,0.0,0.0,0.1,0.1,8.77,8.66
2024-04-02,naive_forecast,17,0.0,-0.0,0.1,0.1,7.17,7.52
2024-04-02,naive_forecast,18,-0.0,0.0,0.1,0.1,6.01,7.0
2024-04-02,naive_forecast,19,-0.0,0.0,0.1,0.1,3.0,7.17
2024-04-02,naive_forecast,20,0.0,-0.0,0.1,0.1,0.5,5.21
2024-04-02,naive_forecast,21,-0.0,0.0,0.1,0.1,0.02,4.72
2024-04-02,naive_forecast,22,-0.0,0.0,0.1,0.1,0.01,3.0
2024-04-02,naive_forecast,23,-0.0,0.0,0.1,0.1,0.01,1.0
2024-04-02,naive_forecast,24,-0.0,0.0,0.1,0.1,0.01,0.04
2024-04-02,naive_forecast,25,-0.0,0.0,0.1,0.10000000000000002,0.01,0.01
2024-04-02,naive_forecast,26,-0.0,0.0,0.10000000000000002,0.10000000000000002,0.01,0.01
2024-04-02,naive_forecast,27,0.1842105263157892,0.0,0.10000000000000002,0.1874999999999999,0.01,0.02
2024-04-02,naive_forecast,28,0.0,0.0,0.1874999999999999,0.1874999999999999,0.01,2.0
2024-04-02,naive_forecast,29,0.5,0.0,0.1874999999999999,0.4249999999999999,0.01,3.26
2024-04-02,naive_forecast,30,0.5000000000000004,0.0,0.4249999999999999,0.6625000000000001,0.01,4.25
2024-04-02,naive_forecast,31,0.5,0.0,0.6625000000000001,0.9,0.01,7.0
2024-04-02,naive_forecast,32,0.0,-0.0,0.9,0.9,5.0,8.89
2024-04-02,naive_forecast,33,0.0,-0.0,0.9,0.9,8.89,9.02
2024-04-02,naive_forecast,34,-0.0,0.0,0.9,0.9,9.78,9.7
2024-04-02,naive_forecast,35,-0.0,0.0,0.9,0.9,11.17,11.54
2024-04-02,naive_forecast,36,0.0,0.5,0.9,0.6368421052631579,13.15,14.04
2024-04-02,naive_forecast,37,0.0,0.020000000000000063,0.6368421052631579,0.6263157894736842,13.09,14.29
2024-04-02,naive_forecast,38,0.0,0.5,0.6263157894736842,0.3631578947368421,15.0,14.21
2024-04-02,naive_forecast,39,0.0,0.5,0.3631578947368421,0.1,14.46,13.98
2024-04-02,naive_forecast,40,0.0,0.0,0.1,0.1,12.85,12.85
2024-04-02,naive_forecast,41,-0.0,0.0,0.1,0.1,11.75,13.0
2024-04-02,naive_forecast,42,0.0,-0.0,0.1,0.1,11.68,12.25
2024-04-02,naive_forecast,43,0.0,0.0,0.1,0.1,11.65,12.0
2024-04-02,naive_forecast,44,0.0,0.0,0.1,0.1,10.32,11.67
2024-04-02,naive_forecast,45,0.0,0.0,0.1,0.1,10.44,11.81
2024-04-02,naive_forecast,46,0.0,0.0,0.1,0.1,9.78,10.0
2024-04-02,naive_forecast,47,0.34210526315789475,0.0,0.1,0.2625,9.71,9.8
2024-04-02,naive_forecast,48,0.5,0.0,0.2625,0.5,9.08,9.02
2024-04-03,naive_forecast,1,0.3421052631578949,0.0,0.5,0.6625000000000001,9.39,9.25
2024-04-03,naive_forecast,2,0.5,0.0,0.6625000000000001,0.9,9.38,9.0
2024-04-03,naive_forecast,3,-0.0,0.0,0.9,0.9,9.4,8.95
2024-04-03,naive_forecast,4,-0.0,0.0,0.9,0.9,9.62,9.0
2024-04-03,naive_forecast,5,0.0,0.0,0.9,0.9,9.7,9.02
2024-04-03,naive_forecast,6,0.0,0.0,0.9,0.9,10.32,9.2
2024-04-03,naive_forecast,7,0.0,0.0,0.9,0.9,10.39,9.7
2024-04-03,naive_forecast,8,0.0,0.0,0.9,0.9,10.45,10.0
2024-04-03,naive_forecast,9,0.0,-0.0,0.9,0.9,11.0,9.78
2024-04-03,naive_forecast,10,0.0,0.020000000000000275,0.9,0.8894736842105262,11.19,9.75
2024-04-03,naive_forecast,11,0.0,0.5,0.8894736842105262,0.6263157894736842,12.0,10.02
2024-04-03,naive_forecast,12,0.0,0.5,0.6263157894736842,0.3631578947368421,12.47,9.66
2024-04-03,naive_forecast,13,0.0,0.5,0.3631578947368421,0.1,12.47,9.57
2024-04-03,naive_forecast,14,0.0,-0.0,0.1,0.1,10.61,9.55
2024-04-03,naive_forecast,15,0.0,0.0,0.1,0.1,9.22,9.6
2024-04-03,naive_forecast,16,-0.0,0.0,0.1,0.1,8.66,10.07
2024-04-03,naive_forecast,17,0.0,-0.0,0.1,0.1,7.52,10.5
2024-04-03,naive_forecast,18,0.0,0.0,0.1,0.1,7.0,11.35
2024-04-03,naive_forecast,19,0.0,0.0,0.1,0.1,7.17,13.97
2024-04-03,naive_forecast,20,0.0,-0.0,0.1,0.1,5.21,12.85
2024-04-03,naive_forecast,21,0.0,0.0,0.1,0.1,4.72,12.0
2024-04-03,naive_forecast,22,-0.0,0.0,0.1,0.1,3.0,12.0
2024-04-03,naive_forecast,23,0.0,-0.0,0.1,0.1,1.0,12.97
2024-04-03,naive_forecast,24,0.1842105263157897,0.0,0.1,0.1875000000000001,0.04,12.44
2024-04-03,naive_forecast,25,0.5,0.0,0.1875000000000001,0.4250000000000001,0.01,10.14
2024-04-03,naive_forecast,26,0.5,0.0,0.4250000000000001,0.6625000000000001,0.01,10.14
2024-04-03,naive_forecast,27,0.5,0.0,0.6625000000000001,0.9,0.02,12.5
2024-04-03,naive_forecast,28,0.0,-0.0,0.9,0.9,2.0,13.18
2024-04-03,naive_forecast,29,0.0,-0.0,0.9,0.9,3.26,13.09
2024-04-03,naive_forecast,30,0.0,-0.0,0.9,0.9,4.25,13.09
2024-04-03,naive_forecast,31,0.0,-0.0,0.9,0.9,7.0,12.0
2024-04-03,naive_forecast,32,0.0,-0.0,0.9,0.9,8.89,14.0
2024-04-03,naive_forecast,33,0.0,-0.0,0.9,0.9,9.02,16.28
2024-04-03,naive_forecast,34,-0.0,0.0,0.9,0.9,9.7,16.28
2024-04-03,naive_forecast,35,-0.0,0.0,0.9,0.9,11.54,16.28
2024-04-03,naive_forecast,36,0.0,0.5,0.9,0.6368421052631579,14.04,16.28
2024-04-03,naive_forecast,37,0.0,0.5,0.6368421052631579,0.3736842105263158,14.29,16.28
2024-04-03,naive_forecast,38,0.0,0.5,0.3736842105263158,0.1105263157894737,14.21,16.28
2024-04-03,naive_forecast,39,0.0,0.02000000000000001,0.1105263157894737,0.1,13.98,15.5
2024-04-03,naive_forecast,40,0.0,0.0,0.1,0.1,12.85,14.16
2024-04-03,naive_forecast,41,0.0,-0.0,0.1,0.1,13.0,13.5
2024-04-03,naive_forecast,42,0.0,0.0,0.1,0.1,12.25,12.5
2024-04-03,naive_forecast,43,0.0,0.0,0.1,0.1,12.0,11.93
2024-04-03,naive_forecast,44,-0.0,0.0,0.1,0.1,11.67,10.58
2024-04-03,naive_forecast,45,0.0,0.0,0.1,0.1,11.81,10.49
2024-04-03,naive_forecast,46,0.0,0.0,0.1,0.1,10.0,9.7
2024-04-03,naive_forecast,47,0.34210526315789475,0.0,0.1,0.2625,9.8,9.7
2024-04-03,naive_forecast,48,0.5,0.0,0.2625,0.5,9.02,8.95
2024-04-04,naive_forecast,1,0.0,-0.0,0.5,0.5,9.25,9.8
2024-04-04,naive_forecast,2,0.0,0.0,0.5,0.5,9.0,10.5
2024-04-04,naive_forecast,3,0.5,0.0,0.5,0.7375,8.95,10.5
2024-04-04,naive_forecast,4,0.3421052631578947,0.0,0.7375,0.9,9.0,10.49
2024-04-04,naive_forecast,5,0.0,0.0,0.9,0.9,9.02,10.52
2024-04-04,naive_forecast,6,0.0,0.0,0.9,0.9,9.2,10.43
2024-04-04,naive_forecast,7,0.0,0.0,0.9,0.9,9.7,10.89
2024-04-04,naive_forecast,8,0.0,0.0,0.9,0.9,10.0,10.77
2024-04-04,naive_forecast,9,0.0,0.0,0.9,0.9,9.78,11.23
2024-04-04,naive_forecast,10,0.0,0.0,0.9,0.9,9.75,11.79
2024-04-04,naive_forecast,11,0.0,0.0,0.9,0.9,10.02,12.75
2024-04-04,naive_forecast,12,0.0,0.0,0.9,0.9,9.66,11.76
2024-04-04,naive_forecast,13,0.0,0.0,0.9,0.9,9.57,12.0
2024-04-04,naive_forecast,14,0.0,0.0,0.9,0.9,9.55,13.15
2024-04-04,naive_forecast,15,0.0,0.0,0.9,0.9,9.6,11.95
2024-04-04,naive_forecast,16,0.0,0.0,0.9,0.9,10.07,10.32
2024-04-04,naive_forecast,17,0.0,0.0,0.9,0.9,10.5,10.0
2024-04-04,naive_forecast,18,0.0,0.0,0.9,0.9,11.35,9.33
2024-04-04,naive_forecast,19,0.0,0.5,0.9,0.6368421052631579,13.97,9.75
2024-04-04,naive_forecast,20,0.0,0.0,0.6368421052631579,0.6368421052631579,12.85,9.25
2024-04-04,naive_forecast,21,0.0,0.0,0.6368421052631579,0.6368421052631579,12.0,8.95
2024-04-04,naive_forecast,22,0.0,0.0,0.6368421052631579,0.6368421052631579,12.0,8.82
2024-04-04,naive_forecast,23,0.0,0.4024999999999998,0.6368421052631579,0.4250000000000001,12.97,8.7
2024-04-04,naive_forecast,24,0.0,0.0,0.4250000000000001,0.4250000000000001,12.44,7.96
2024-04-04,naive_forecast,25,0.5,0.0,0.4250000000000001,0.6625000000000001,10.14,7.15
2024-04-04,naive_forecast,26,0.5,0.0,0.6625000000000001,0.9,10.14,7.15
2024-04-04,naive_forecast,27,0.0,0.0,0.9,0.9,12.5,8.7
2024-04-04,naive_forecast,28,0.0,0.0,0.9,0.9,13.18,8.86
2024-04-04,naive_forecast,29,0.0,0.0,0.9,0.9,13.09,8.95
2024-04-04,naive_forecast,30,0.0,0.0,0.9,0.9,13.09,8.94
2024-04-04,naive_forecast,31,0.0,0.0,0.9,0.9,12.0,9.12
2024-04-04,naive_forecast,32,0.0,0.0,0.9,0.9,14.0,9.66
2024-04-04,naive_forecast,33,0.0,0.0,0.9,0.9,16.28,10.02
2024-04-04,naive_forecast,34,0.0,0.0,0.9,0.9,16.28,10.52
2024-04-04,naive_forecast,35,0.0,0.020000000000000275,0.9,0.8894736842105262,16.28,12.0
2024-04-04,naive_forecast,36,0.0,0.5,0.8894736842105262,0.6263157894736842,16.28,14.5
2024-04-04,naive_forecast,37,0.0,0.5,0.6263157894736842,0.3631578947368421,16.28,12.75
2024-04-04,naive_forecast,38,0.0,0.5,0.3631578947368421,0.1,16.28,12.75
2024-04-04,naive_forecast,39,0.0,0.0,0.1,0.1,15.5,12.75
2024-04-04,naive_forecast,40,0.0,0.0,0.1,0.1,14.16,12.32
2024-04-04,naive_forecast,41,0.0,0.0,0.1,0.1,13.5,12.46
2024-04-04,naive_forecast,42,0.0,0.0,0.1,0.1,12.5,12.0
2024-04-04,naive_forecast,43,0.0,0.0,0.1,0.1,11.93,12.0
2024-04-04,naive_forecast,44,0.0,0.0,0.1,0.1,10.58,10.89
2024-04-04,naive_forecast,45,0.0,0.0,0.1,0.1,10.49,11.86
2024-04-04,naive_forecast,46,0.34210526315789475,0.0,0.1,0.2625,9.7,10.14
2024-04-04,naive_forecast,47,0.0,0.0,0.2625,0.2625,9.7,9.57
2024-04-04,naive_forecast,48,0.5,0.0,0.2625,0.5,8.95,9.02
2024-04-05,naive_forecast,1,0.5,0.0,0.5,0.7375,9.8,9.53
2024-04-05,naive_forecast,2,0.0,0.0,0.7375,0.7375,10.5,10.02
2024-04-05,naive_forecast,3,0.0,0.0,0.7375,0.7375,10.5,10.0
2024-04-05,naive_forecast,4,0.0,0.0,0.7375,0.7375,10.49,10.02
2024-04-05,naive_forecast,5,0.0,0.0,0.7375,0.7375,10.52,10.02
2024-04-05,naive_forecast,6,0.3421052631578947,0.0,0.7375,0.9,10.43,10.3
2024-04-05,naive_forecast,7,0.0,0.0,0.9,0.9,10.89,10.39
2024-04-05,naive_forecast,8,0.0,0.0,0.9,0.9,10.77,10.51
2024-04-05,naive_forecast,9,0.0,0.0,0.9,0.9,11.23,10.66
2024-04-05,naive_forecast,10,0.0,0.0,0.9,0.9,11.79,11.18
2024-04-05,naive_forecast,11,0.0,0.5,0.9,0.6368421052631579,12.75,12.55
2024-04-05,naive_forecast,12,0.0,0.0,0.6368421052631579,0.6368421052631579,11.76,11.61
2024-04-05,naive_forecast,13,0.0,0.5,0.6368421052631579,0.3736842105263158,12.0,12.0
2024-04-05,naive_forecast,14,0.0,0.5,0.3736842105263158,0.1105263157894737,13.15,12.0
2024-04-05,naive_forecast,15,0.0,0.02000000000000001,0.1105263157894737,0.1,11.95,10.89
2024-04-05,naive_forecast,16,0.0,0.0,0.1,0.1,10.32,9.87
2024-04-05,naive_forecast,17,0.0,0.0,0.1,0.1,10.0,9.39
2024-04-05,naive_forecast,18,0.0,0.0,0.1,0.1,9.33,9.41
2024-04-05,naive_forecast,19,0.0,0.0,0.1,0.1,9.75,9.31
2024-04-05,naive_forecast,20,0.0,0.0,0.1,0.1,9.25,9.18
2024-04-05,naive_forecast,21,0.0,0.0,0.1,0.1,8.95,9.13
2024-04-05,naive_forecast,22,0.0,0.0,0.1,0.1,8.82,8.68
2024-04-05,naive_forecast,23,0.0,0.0,0.1,0.1,8.7,8.51
2024-04-05,naive_forecast,24,0.5,0.0,0.1,0.3375,7.96,8.68
2024-04-05,naive_forecast,25,0.5,0.0,0.3375,0.575,7.15,8.0
2024-04-05,naive_forecast,26,0.5,0.0,0.575,0.8125,7.15,7.77
2024-04-05,naive_forecast,27,0.18421052631578952,0.0,0.8125,0.9,8.7,8.68
2024-04-05,naive_forecast,28,0.0,0.0,0.9,0.9,8.86,8.95
2024-04-05,naive_forecast,29,0.0,0.0,0.9,0.9,8.95,9.07
2024-04-05,naive_forecast,30,0.0,0.0,0.9,0.9,8.94,9.03
2024-04-05,naive_forecast,31,0.0,0.0,0.9,0.9,9.12,9.22
2024-04-05,naive_forecast,32,0.0,0.0,0.9,0.9,9.66,9.69
2024-04-05,naive_forecast,33,0.0,0.0,0.9,0.9,10.02,10.32
2024-04-05,naive_forecast,34,0.0,0.0,0.9,0.9,10.52,11.41
2024-04-05,naive_forecast,35,0.0,0.0,0.9,0.9,12.0,12.0
2024-04-05,naive_forecast,36,0.0,0.5,0.9,0.6368421052631579,14.5,13.09
2024-04-05,naive_forecast,37,0.0,0.020000000000000063,0.6368421052631579,0.6263157894736842,12.75,13.67
2024-04-05,naive_forecast,38,0.0,0.5,0.6263157894736842,0.3631578947368421,12.75,16.03
2024-04-05,naive_forecast,39,0.0,0.5,0.3631578947368421,0.1,12.75,14.0
2024-04-05,naive_forecast,40,0.0,0.0,0.1,0.1,12.32,13.9
2024-04-05,naive_forecast,41,0.0,0.0,0.1,0.1,12.46,13.21
2024-04-05,naive_forecast,42,0.0,0.0,0.1,0.1,12.0,13.09
2024-04-05,naive_forecast,43,0.0,0.0,0.1,0.1,12.0,12.85
2024-04-05,naive_forecast,44,0.0,0.0,0.1,0.1,10.89,12.55
2024-04-05,naive_forecast,45,0.0,0.0,0.1,0.1,11.86,12.59
2024-04-05,naive_forecast,46,0.0,0.0,0.1,0.1,10.14,11.0
2024-04-05,naive_forecast,47,0.3421052631578947,0.0,0.1,0.2625,9.57,10.3
2024-04-05,naive_forecast,48,0.5,0.0,0.2625,0.5,9.02,9.74
2024-04-06,naive_forecast,1,0.5,0.0,0.5,0.7375,9.53,10.5
2024-04-06,naive_forecast,2,0.0,0.0,0.7375,0.7375,10.02,10.26
2024-04-06,naive_forecast,3,0.3421052631578947,0.0,0.7375,0.9,10.0,10.42
2024-04-06,naive_forecast,4,0.0,0.0,0.9,0.9,10.02,10.95
2024-04-06,naive_forecast,5,0.0,0.0,0.9,0.9,10.02,11.54
2024-04-06,naive_forecast,6,0.0,0.0,0.9,0.9,10.3,12.0
2024-04-06,naive_forecast,7,0.0,0.0,0.9,0.9,10.39,12.27
2024-04-06,naive_forecast,8,0.0,0.0,0.9,0.9,10.51,12.85
2024-04-06,naive_forecast,9,0.0,0.0,0.9,0.9,10.66,12.85
2024-04-06,naive_forecast,10,0.0,0.0,0.9,0.9,11.18,12.85
2024-04-06,naive_forecast,11,0.0,0.5,0.9,0.6368421052631579,12.55,12.85
2024-04-06,naive_forecast,12,0.0,0.020000000000000063,0.6368421052631579,0.6263157894736842,11.61,12.63
2024-04-06,naive_forecast,13,0.0,0.5,0.6263157894736842,0.3631578947368421,12.0,11.99
2024-04-06,naive_forecast,14,0.0,0.5,0.3631578947368421,0.1,12.0,10.37
2024-04-06,naive_forecast,15,0.0,0.0,0.1,0.1,10.89,9.47
2024-04-06,naive_forecast,16,0.0,0.0,0.1,0.1,9.87,9.11
2024-04-06,naive_forecast,17,0.0,0.0,0.1,0.1,9.39,9.11
2024-04-06,naive_forecast,18,0.0,0.0,0.1,0.1,9.41,9.07
2024-04-06,naive_forecast,19,0.0,0.0,0.1,0.1,9.31,9.03
2024-04-06,naive_forecast,20,0.0,0.0,0.1,0.1,9.18,8.19
2024-04-06,naive_forecast,21,0.0,0.0,0.1,0.1,9.13,7.0
2024-04-06,naive_forecast,22,0.0,0.0,0.1,0.1,8.68,5.0
2024-04-06,naive_forecast,23,0.5,0.0,0.1,0.3375,8.51,4.0
2024-04-06,naive_forecast,24,0.0,0.0,0.3375,0.3375,8.68,3.5
2024-04-06,naive_forecast,25,0.5,0.0,0.3375,0.575,8.0,3.0
2024-04-06,naive_forecast,26,0.5,0.0,0.575,0.8125,7.77,3.0
2024-04-06,naive_forecast,27,0.18421052631578952,0.0,0.8125,0.9,8.68,5.27
2024-04-06,naive_forecast,28,0.0,0.0,0.9,0.9,8.95,7.3
2024-04-06,naive_forecast,29,0.0,0.0,0.9,0.9,9.07,7.92
2024-04-06,naive_forecast,30,0.0,0.0,0.9,0.9,9.03,8.78
2024-04-06,naive_forecast,31,0.0,0.0,0.9,0.9,9.22,9.14
2024-04-06,naive_forecast,32,0.0,0.0,0.9,0.9,9.69,9.73
2024-04-06,naive_forecast,33,0.0,0.0,0.9,0.9,10.32,9.67
2024-04-06,naive_forecast,34,0.0,0.0,0.9,0.9,11.41,10.46
2024-04-06,naive_forecast,35,0.0,0.0,0.9,0.9,12.0,10.63
2024-04-06,naive_forecast,36,0.0,0.0,0.9,0.9,13.09,11.95
2024-04-06,naive_forecast,37,0.0,0.020000000000000275,0.9,0.8894736842105262,13.67,12.85
2024-04-06,naive_forecast,38,0.0,0.5,0.8894736842105262,0.6263157894736842,16.03,13.47
2024-04-06,naive_forecast,39,0.0,0.5,0.6263157894736842,0.3631578947368421,14.0,12.65
2024-04-06,naive_forecast,40,0.0,0.5,0.3631578947368421,0.1,13.9,12.55
2024-04-06,naive_forecast,41,0.0,0.0,0.1,0.1,13.21,12.0
2024-04-06,naive_forecast,42,0.0,0.0,0.1,0.1,13.09,11.58
2024-04-06,naive_forecast,43,0.0,0.0,0.1,0.1,12.85,11.33
2024-04-06,naive_forecast,44,0.0,0.0,0.1,0.1,12.55,10.46
2024-04-06,naive_forecast,45,0.0,0.0,0.1,0.1,12.59,10.62
2024-04-06,naive_forecast,46,0.0,0.0,0.1,0.1,11.0,10.19
2024-04-06,naive_forecast,47,0.3421052631578947,0.0,0.1,0.2625,10.3,10.22
2024-04-06,naive_forecast,48,0.5,0.0,0.2625,0.5,9.74,9.52
2024-04-07,naive_forecast,1,0.0,0.0,0.5,0.5,10.5,10.96
2024-04-07,naive_forecast,2,0.5,0.0,0.5,0.7375,10.26,10.23
2024-04-07,naive_forecast,3,0.3421052631578947,0.0,0.7375,0.9,10.42,10.11
2024-04-07,naive_forecast,4,0.0,0.0,0.9,0.9,10.95,9.98
2024-04-07,naive_forecast,5,0.0,0.0,0.9,0.9,11.54,10.16
2024-04-07,naive_forecast,6,0.0,-0.0,0.9,0.9,12.0,10.3
2024-04-07,naive_forecast,7,0.0,0.0,0.9,0.9,12.27,10.41
2024-04-07,naive_forecast,8,0.0,0.5,0.9,0.6368421052631579,12.85,11.01
2024-04-07,naive_forecast,9,0.0,0.5,0.6368421052631579,0.3736842105263158,12.85,10.5
2024-04-07,naive_forecast,10,0.0,0.5,0.3736842105263158,0.1105263157894737,12.85,10.52
2024-04-07,naive_forecast,11,0.0,0.02000000000000001,0.1105263157894737,0.1,12.85,10.45
2024-04-07,naive_forecast,12,0.0,0.0,0.1,0.1,12.63,10.19
2024-04-07,naive_forecast,13,0.0,0.0,0.1,0.1,11.99,9.88
2024-04-07,naive_forecast,14,0.0,-0.0,0.1,0.1,10.37,9.85
2024-04-07,naive_forecast,15,0.0,0.0,0.1,0.1,9.47,8.95
2024-04-07,naive_forecast,16,-0.0,0.0,0.1,0.1,9.11,7.88
2024-04-07,naive_forecast,17,0.0,-0.0,0.1,0.1,9.11,8.12
2024-04-07,naive_forecast,18,0.0,0.0,0.1,0.1,9.07,7.3
2024-04-07,naive_forecast,19,0.0,0.0,0.1,0.1,9.03,5.4
2024-04-07,naive_forecast,20,0.0,-0.0,0.1,0.1,8.19,3.01
2024-04-07,naive_forecast,21,0.0,-0.0,0.1,0.1,7.0,0.01
2024-04-07,naive_forecast,22,0.0,-0.0,0.1,0.1,5.0,0.01
2024-04-07,naive_forecast,23,0.1842105263157897,0.0,0.1,0.1875000000000001,4.0,0.01
2024-04-07,naive_forecast,24,0.5,0.0,0.1875000000000001,0.4250000000000001,3.5,0.01
2024-04-07,naive_forecast,25,0.5,0.0,0.4250000000000001,0.6625000000000001,3.0,0.01
2024-04-07,naive_forecast,26,0.5,0.0,0.6625000000000001,0.9,3.0,0.01
2024-04-07,naive_forecast,27,0.0,-0.0,0.9,0.9,5.27,0.01
2024-04-07,naive_forecast,28,0.0,-0.0,0.9,0.9,7.3,0.01
2024-04-07,naive_forecast,29,0.0,-0.0,0.9,0.9,7.92,0.03
2024-04-07,naive_forecast,30,0.0,-0.0,0.9,0.9,8.78,1.0
2024-04-07,naive_forecast,31,0.0,-0.0,0.9,0.9,9.14,3.0
2024-04-07,naive_forecast,32,0.0,0.0,0.9,0.9,9.73,7.61
2024-04-07,naive_forecast,33,-0.0,0.0,0.9,0.9,9.67,8.51
2024-04-07,naive_forecast,34,-0.0,0.0,0.9,0.9,10.46,9.24
2024-04-07,naive_forecast,35,0.0,0.0,0.9,0.9,10.63,10.03
2024-04-07,naive_forecast,36,0.0,0.0,0.9,0.9,11.95,11.95
2024-04-07,naive_forecast,37,0.0,0.5,0.9,0.6368421052631579,12.85,13.4
2024-04-07,naive_forecast,38,0.0,0.5,0.6368421052631579,0.3736842105263158,13.47,12.85
2024-04-07,naive_forecast,39,0.0,0.5,0.3736842105263158,0.1105263157894737,12.65,13.0
2024-04-07,naive_forecast,40,0.0,0.02000000000000001,0.1105263157894737,0.1,12.55,12.8
2024-04-07,naive_forecast,41,0.0,-0.0,0.1,0.1,12.0,12.49
2024-04-07,naive_forecast,42,0.0,-0.0,0.1,0.1,11.58,11.59
2024-04-07,naive_forecast,43,0.0,0.0,0.1,0.1,11.33,12.55
2024-04-07,naive_forecast,44,0.0,0.0,0.1,0.1,10.46,11.54
2024-04-07,naive_forecast,45,0.0,0.0,0.1,0.1,10.62,10.26
2024-04-07,naive_forecast,46,0.34210526315789475,0.0,0.1,0.2625,10.19,9.96
2024-04-07,naive_forecast,47,0.0,0.0,0.2625,0.2625,10.22,9.95
2024-04-07,naive_forecast,48,0.5,0.0,0.2625,0.5,9.52,9.5
2024-04-01,lear_forecast,1,0.0,0.0,0.5,0.5,9.383337230121716,8.57
2024-04-01,lear_forecast,2,0.5,0.0,0.5,0.7375,9.155915177683257,8.59
2024-04-01,lear_forecast,3,0.3421052631578947,0.0,0.7375,0.9,9.356922190890456,8.86
2024-04-01,lear_forecast,4,0.0,0.0,0.9,0.9,9.436815519661875,8.95
2024-04-01,lear_forecast,5,0.0,0.0,0.9,0.9,9.729558497496916,9.0
2024-04-01,lear_forecast,6,0.0,0.0,0.9,0.9,10.113122582441298,9.13
2024-04-01,lear_forecast,7,0.0,0.0,0.9,0.9,10.44956732143056,9.31
2024-04-01,lear_forecast,8,0.0,0.0,0.9,0.9,10.775057865842545,9.2
2024-04-01,lear_forecast,9,0.0,0.020000000000000275,0.9,0.8894736842105262,10.944281966686056,9.5
2024-04-01,lear_forecast,10,0.0,0.5,0.8894736842105262,0.6263157894736842,11.2121582602316,9.54
2024-04-01,lear_forecast,11,0.0,0.5,0.6263157894736842,0.3631578947368421,11.68970710375904,10.01
2024-04-01,lear_forecast,12,0.0,0.5,0.3631578947368421,0.1,11.198307538810893,10.0
2024-04-01,lear_forecast,13,0.0,0.0,0.1,0.1,10.94017231285255,10.04
2024-04-01,lear_forecast,14,0.0,0.0,0.1,0.1,10.49564645683059,9.55
2024-04-01,lear_forecast,15,0.0,0.0,0.1,0.1,9.273326591738428,9.06
2024-04-01,lear_forecast,16,0.0,0.0,0.1,0.1,8.026547490088658,8.77
2024-04-01,lear_forecast,17,0.0,0.0,0.1,0.1,8.21166197133146,7.17
2024-04-01,lear_forecast,18,0.0,0.0,0.1,0.1,8.653439613245883,6.01
2024-04-01,lear_forecast,19,0.0,0.0,0.1,0.1,8.355065902809468,3.0
2024-04-01,lear_forecast,20,0.0,0.0,0.1,0.1,8.158317266950718,0.5
2024-04-01,lear_forecast,21,0.0,0.0,0.1,0.1,7.059220965292627,0.02
2024-04-01,lear_forecast,22,0.0,0.0,0.1,0.1,6.629395930291367,0.01
2024-04-01,lear_forecast,23,0.0,0.0,0.1,0.1,6.598833155573391,0.01
2024-04-01,lear_forecast,24,0.5,0.0,0.1,0.3375,5.866586309831059,0.01
2024-04-01,lear_forecast,25,0.5,0.0,0.3375,0.575,4.04833510966719,0.01
2024-04-01,lear_forecast,26,0.5,0.0,0.575,0.8125,3.8711435045402425,0.01
2024-04-01,lear_forecast,27,0.18421052631578952,0.0,0.8125,0.9,6.575862960678111,0.01
2024-04-01,lear_forecast,28,0.0,0.0,0.9,0.9,6.894653631369064,0.01
2024-04-01,lear_forecast,29,0.0,0.0,0.9,0.9,7.0745922953820095,0.01
2024-04-01,lear_forecast,30,0.0,0.0,0.9,0.9,8.140421041211296,0.01
2024-04-01,lear_forecast,31,0.0,0.0,0.9,0.9,9.290507366603867,0.01
2024-04-01,lear_forecast,32,0.0,0.0,0.9,0.9,9.926616596447644,5.0
2024-04-01,lear_forecast,33,0.0,0.0,0.9,0.9,10.688741382427086,8.89
2024-04-01,lear_forecast,34,0.0,0.0,0.9,0.9,12.558602271013548,9.78
2024-04-01,lear_forecast,35,0.0,0.0,0.9,0.9,13.24177942459464,11.17
2024-04-01,lear_forecast,36,0.0,0.020000000000000275,0.9,0.8894736842105262,14.175255785506032,13.15
2024-04-01,lear_forecast,37,0.0,0.5,0.8894736842105262,0.6263157894736842,14.641671329855116,13.09
2024-04-01,lear_forecast,38,0.0,0.5,0.6263157894736842,0.3631578947368421,14.634164789898367,15.0
2024-04-01,lear_forecast,39,0.0,0.5,0.3631578947368421,0.1,14.580184163651165,14.46
2024-04-01,lear_forecast,40,0.0,0.0,0.1,0.1,14.091919153415567,12.85
2024-04-01,lear_forecast,41,0.0,0.0,0.1,0.1,13.823834388679453,11.75
2024-04-01,lear_forecast,42,0.0,0.0,0.1,0.1,13.144851229982548,11.68
2024-04-01,lear_forecast,43,0.0,0.0,0.1,0.1,12.29259204409733,11.65
2024-04-01,lear_forecast,44,0.0,0.0,0.1,0.1,11.500638709820464,10.32
2024-04-01,lear_forecast,45,0.0,0.0,0.1,0.1,11.744526270280502,10.44
2024-04-01,lear_forecast,46,0.0,0.0,0.1,0.1,10.7422890415998,9.78
2024-04-01,lear_forecast,47,0.3421052631578947,0.0,0.1,0.2625,10.51046874056416,9.71
2024-04-01,lear_forecast,48,0.5,0.0,0.2625,0.5,9.470611134121922,9.08
2024-04-02,lear_forecast,1,0.0,0.0,0.5,0.5,9.841548169478603,9.39
2024-04-02,lear_forecast,2,0.5,0.0,0.5,0.7375,9.462365571882811,9.38
2024-04-02,lear_forecast,3,0.3421052631578947,0.0,0.7375,0.9,9.599701627679783,9.4
2024-04-02,lear_forecast,4,0.0,0.0,0.9,0.9,9.674938382637832,9.62
2024-04-02,lear_forecast,5,0.0,0.0,0.9,0.9,9.734614790190236,9.7
2024-04-02,lear_forecast,6,0.0,0.0,0.9,0.9,10.062020303920557,10.32
2024-04-02,lear_forecast,7,0.0,0.0,0.9,0.9,10.326000875332683,10.39
2024-04-02,lear_forecast,8,0.0,0.0,0.9,0.9,10.557364044838778,10.45
2024-04-02,lear_forecast,9,0.0,-0.0,0.9,0.9,10.704976420713662,11.0
2024-04-02,lear_forecast,10,0.0,0.020000000000000275,0.9,0.8894736842105262,10.889190404634483,11.19
2024-04-02,lear_forecast,11,0.0,0.5,0.8894736842105262,0.6263157894736842,11.202420254233411,12.0
2024-04-02,lear_forecast,12,0.0,0.5,0.6263157894736842,0.3631578947368421,10.953016543756796,12.47
2024-04-02,lear_forecast,13,0.0,0.5,0.3631578947368421,0.1,11.186239391867446,12.47
2024-04-02,lear_forecast,14,0.0,0.0,0.1,0.1,10.787895330802913,10.61
2024-04-02,lear_forecast,15,0.0,-0.0,0.1,0.1,9.2397184003,9.22
2024-04-02,lear_forecast,16,-0.0,0.0,0.1,0.1,7.68489752951709,8.66
2024-04-02,lear_forecast,17,0.0,-0.0,0.1,0.1,6.993531196748164,7.52
2024-04-02,lear_forecast,18,0.0,0.0,0.1,0.1,6.380402763540252,7.0
2024-04-02,lear_forecast,19,0.0,0.0,0.1,0.1,6.533209526140048,7.17
2024-04-02,lear_forecast,20,0.0,-0.0,0.1,0.1,5.659567417943642,5.21
2024-04-02,lear_forecast,21,-0.0,0.0,0.1,0.1,4.424720878831313,4.72
2024-04-02,lear_forecast,22,0.0,0.0,0.1,0.1,4.00389271897958,3.0
2024-04-02,lear_forecast,23,0.0,-0.0,0.1,0.1,4.017405709688669,1.0
2024-04-02,lear_forecast,24,0.0,-0.0,0.1,0.1,3.497838865628593,0.04
2024-04-02,lear_forecast,25,0.5,0.0,0.1,0.3375,2.042463506567116,0.01
2024-04-02,lear_forecast,26,0.5,0.0,0.3375,0.575,1.7869051840870034,0.01
2024-04-02,lear_forecast,27,0.5,0.0,0.575,0.8125,2.908897116081665,0.02
2024-04-02,lear_forecast,28,0.18421052631578952,0.0,0.8125,0.9,3.000634889391348,2.0
2024-04-02,lear_forecast,29,0.0,-0.0,0.9,0.9,3.567229830222072,3.26
2024-04-02,lear_forecast,30,0.0,-0.0,0.9,0.9,5.319266884336733,4.25
2024-04-02,lear_forecast,31,0.0,-0.0,0.9,0.9,5.509688488676531,7.0
2024-04-02,lear_forecast,32,0.0,-0.0,0.9,0.9,6.442397342283126,8.89
2024-04-02,lear_forecast,33,0.0,-0.0,0.9,0.9,8.191673255211207,9.02
2024-04-02,lear_forecast,34,-0.0,0.0,0.9,0.9,10.720798449873127,9.7
2024-04-02,lear_forecast,35,-0.0,0.0,0.9,0.9,11.652918138072875,11.54
2024-04-02,lear_forecast,36,0.0,0.0,0.9,0.9,13.175925627643624,14.04
2024-04-02,lear_forecast,37,0.0,0.5,0.9,0.6368421052631579,13.591845306450429,14.29
2024-04-02,lear_forecast,38,0.0,0.5,0.6368421052631579,0.3736842105263158,14.309971574493831,14.21
2024-04-02,lear_forecast,39,0.0,0.5,0.3736842105263158,0.1105263157894737,13.934040048263698,13.98
2024-04-02,lear_forecast,40,0.0,0.02000000000000001,0.1105263157894737,0.1,13.571618669540602,12.85
2024-04-02,lear_forecast,41,0.0,0.0,0.1,0.1,13.19623663505942,13.0
2024-04-02,lear_forecast,42,0.0,-0.0,0.1,0.1,12.7790913912879,12.25
2024-04-02,lear_forecast,43,0.0,0.0,0.1,0.1,11.84203335088444,12.0
2024-04-02,lear_forecast,44,0.0,-0.0,0.1,0.1,11.265768554285303,11.67
2024-04-02,lear_forecast,45,0.0,0.0,0.1,0.1,11.182466144615232,11.81
2024-04-02,lear_forecast,46,0.0,0.0,0.1,0.1,10.431842525383257,10.0
2024-04-02,lear_forecast,47,0.3421052631578947,0.0,0.1,0.2625,10.005270818386856,9.8
2024-04-02,lear_forecast,48,0.5,0.0,0.2625,0.5,8.897979768747893,9.02
2024-04-03,lear_forecast,1,0.0,0.0,0.5,0.5,9.985052937069533,9.25
2024-04-03,lear_forecast,2,0.5,0.0,0.5,0.7375,9.890749872848804,9.0
2024-04-03,lear_forecast,3,0.3421052631578947,0.0,0.7375,0.9,9.95242900010084,8.95
2024-04-03,lear_forecast,4,0.0,0.0,0.9,0.9,9.960050585887732,9.0
2024-04-03,lear_forecast,5,0.0,0.0,0.9,0.9,10.373177417639528,9.02
2024-04-03,lear_forecast,6,0.0,0.0,0.9,0.9,10.619034228891028,9.2
2024-04-03,lear_forecast,7,0.0,0.0,0.9,0.9,10.929587678853023,9.7
2024-04-03,lear_forecast,8,0.0,0.0,0.9,0.9,11.195531451660544,10.0
2024-04-03,lear_forecast,9,0.0,0.0,0.9,0.9,11.175856750073637,9.78
2024-04-03,lear_forecast,10,0.0,0.0,0.9,0.9,11.280882007472425,9.75
2024-04-03,lear_forecast,11,0.0,0.5,0.9,0.6368421052631579,11.780968960380669,10.02
2024-04-03,lear_forecast,12,0.0,0.5,0.6368421052631579,0.3736842105263158,12.062657661886032,9.66
2024-04-03,lear_forecast,13,0.0,0.5,0.3736842105263158,0.1105263157894737,12.173198701572485,9.57
2024-04-03,lear_forecast,14,0.0,0.02000000000000001,0.1105263157894737,0.1,11.47172254614524,9.55
2024-04-03,lear_forecast,15,0.0,0.0,0.1,0.1,10.03949016733003,9.6
2024-04-03,lear_forecast,16,0.0,0.0,0.1,0.1,8.639628631018493,10.07
2024-04-03,lear_forecast,17,0.0,0.0,0.1,0.1,8.459509402424324,10.5
2024-04-03,lear_forecast,18,0.0,0.0,0.1,0.1,8.34890497821084,11.35
2024-04-03,lear_forecast,19,0.0,0.0,0.1,0.1,7.50036509765843,13.97
2024-04-03,lear_forecast,20,0.0,0.0,0.1,0.1,6.1739006071923,12.85
2024-04-03,lear_forecast,21,0.0,0.0,0.1,0.1,5.3399495642205626,12.0
2024-04-03,lear_forecast,22,0.0,0.0,0.1,0.1,4.592868933422806,12.0
2024-04-03,lear_forecast,23,0.0,0.0,0.1,0.1,3.9844380557414647,12.97
2024-04-03,lear_forecast,24,0.5,0.0,0.1,0.3375,3.4316012152964124,12.44
2024-04-03,lear_forecast,25,0.5,0.0,0.3375,0.575,2.318433531937756,10.14
2024-04-03,lear_forecast,26,0.5,0.0,0.575,0.8125,1.9965253707140231,10.14
2024-04-03,lear_forecast,27,0.18421052631578952,0.0,0.8125,0.9,3.787862745297554,12.5
2024-04-03,lear_forecast,28,0.0,0.0,0.9,0.9,4.291115100940914,13.18
2024-04-03,lear_forecast,29,0.0,0.0,0.9,0.9,4.803965207355896,13.09
2024-04-03,lear_forecast,30,0.0,0.0,0.9,0.9,5.975008643301841,13.09
2024-04-03,lear_forecast,31,0.0,0.0,0.9,0.9,6.793315037571867,12.0
2024-04-03,lear_forecast,32,0.0,0.0,0.9,0.9,8.082025378578892,14.0
2024-04-03,lear_forecast,33,0.0,0.0,0.9,0.9,8.328492306888034,16.28
2024-04-03,lear_forecast,34,0.0,0.0,0.9,0.9,10.360474227226511,16.28
2024-04-03,lear_forecast,35,0.0,0.0,0.9,0.9,11.02646671846552,16.28
2024-04-03,lear_forecast,36,0.0,0.0,0.9,0.9,12.530757684317392,16.28
2024-04-03,lear_forecast,37,0.0,0.0,0.9,0.9,12.992010793803557,16.28
2024-04-03,lear_forecast,38,0.0,0.5,0.9,0.6368421052631579,13.839803627089076,16.28
2024-04-03,lear_forecast,39,0.0,0.5,0.6368421052631579,0.3736842105263158,13.800253301826311,15.5
2024-04-03,lear_forecast,40,0.0,0.0,0.3736842105263158,0.3736842105263158,13.61567597255878,14.16
2024-04-03,lear_forecast,41,0.0,0.5,0.3736842105263158,0.1105263157894737,13.682014059944454,13.5
2024-04-03,lear_forecast,42,0.0,0.02000000000000001,0.1105263157894737,0.1,13.65349843369964,12.5
2024-04-03,lear_forecast,43,0.0,0.0,0.1,0.1,13.005959772912968,11.93
2024-04-03,lear_forecast,44,0.0,0.0,0.1,0.1,11.959417163304884,10.58
2024-04-03,lear_forecast,45,0.0,0.0,0.1,0.1,11.971793460789543,10.49
2024-04-03,lear_forecast,46,0.0,0.0,0.1,0.1,11.069925675232511,9.7
2024-04-03,lear_forecast,47,0.3421052631578947,0.0,0.1,0.2625,10.58972651132588,9.7
2024-04-03,lear_forecast,48,0.5,0.0,0.2625,0.5,9.45750358149512,8.95
2024-04-04,lear_forecast,1,0.0,0.0,0.5,0.5,10.1834816748577,9.8
2024-04-04,lear_forecast,2,0.3199445983379498,0.0,0.5,0.6519736842105261,9.8966271939156,10.5
2024-04-04,lear_forecast,3,0.0,0.0,0.6519736842105261,0.6519736842105261,10.00011572674886,10.5
2024-04-04,lear_forecast,4,0.5,0.0,0.6519736842105261,0.8894736842105262,9.891435473839344,10.49
2024-04-04,lear_forecast,5,0.0,0.0,0.8894736842105262,0.8894736842105262,9.98149751328809,10.52
2024-04-04,lear_forecast,6,0.0,0.0,0.8894736842105262,0.8894736842105262,10.172841072773686,10.43
2024-04-04,lear_forecast,7,0.0,0.0,0.8894736842105262,0.8894736842105262,10.339722929179269,10.89
2024-04-04,lear_forecast,8,0.0,0.0,0.8894736842105262,0.8894736842105262,10.543253869387865,10.77
2024-04-04,lear_forecast,9,0.0,0.0,0.8894736842105262,0.8894736842105262,10.686383800754754,11.23
2024-04-04,lear_forecast,10,0.0,0.0,0.8894736842105262,0.8894736842105262,10.874398508059038,11.79
2024-04-04,lear_forecast,11,0.0,0.5,0.8894736842105262,0.6263157894736842,11.025980259351629,12.75
2024-04-04,lear_forecast,12,0.0,0.0,0.6263157894736842,0.6263157894736842,10.883645786103497,11.76
2024-04-04,lear_forecast,13,0.0,0.5,0.6263157894736842,0.3631578947368421,11.270619661191311,12.0
2024-04-04,lear_forecast,14,0.0,0.5,0.3631578947368421,0.1,11.129886941436991,13.15
2024-04-04,lear_forecast,15,0.0,0.0,0.1,0.1,10.598617456383728,11.95
2024-04-04,lear_forecast,16,0.0,0.0,0.1,0.1,9.914117103603903,10.32
2024-04-04,lear_forecast,17,0.0,0.0,0.1,0.1,9.900709785305317,10.0
2024-04-04,lear_forecast,18,0.0,0.0,0.1,0.1,10.474388163370577,9.33
2024-04-04,lear_forecast,19,0.0,0.0,0.1,0.1,10.69975359945074,9.75
2024-04-04,lear_forecast,20,0.0,0.0,0.1,0.1,9.951760760223404,9.25
2024-04-04,lear_forecast,21,0.0,-0.0,0.1,0.1,8.769367273539995,8.95
2024-04-04,lear_forecast,22,0.0,0.0,0.1,0.1,8.146465381105193,8.82
2024-04-04,lear_forecast,23,0.0,0.0,0.1,0.1,8.369399581520053,8.7
2024-04-04,lear_forecast,24,0.1842105263157897,0.0,0.1,0.1875000000000001,7.796877322264096,7.96
2024-04-04,lear_forecast,25,0.5,0.0,0.1875000000000001,0.4250000000000001,5.692456343841731,7.15
2024-04-04,lear_forecast,26,0.5,0.0,0.4250000000000001,0.6625000000000001,5.225410527020372,7.15
2024-04-04,lear_forecast,27,0.5,0.0,0.6625000000000001,0.9,7.091124504821752,8.7
2024-04-04,lear_forecast,28,0.0,0.0,0.9,0.9,7.890125815525638,8.86
2024-04-04,lear_forecast,29,0.0,0.0,0.9,0.9,8.400295754273294,8.95
2024-04-04,lear_forecast,30,-0.0,0.0,0.9,0.9,10.11616579677373,8.94
2024-04-04,lear_forecast,31,0.0,0.0,0.9,0.9,10.703861243777649,9.12
2024-04-04,lear_forecast,32,-0.0,0.0,0.9,0.9,12.138437471041463,9.66
2024-04-04,lear_forecast,33,0.0,0.0,0.9,0.9,13.012710229937294,10.02
2024-04-04,lear_forecast,34,0.0,0.0,0.9,0.9,14.261261046417513,10.52
2024-04-04,lear_forecast,35,0.0,0.020000000000000275,0.9,0.8894736842105262,14.547209385618846,12.0
2024-04-04,lear_forecast,36,0.0,0.5,0.8894736842105262,0.6263157894736842,14.632277025739311,14.5
2024-04-04,lear_forecast,37,0.0,0.5,0.6263157894736842,0.3631578947368421,14.89341222943453,12.75
2024-04-04,lear_forecast,38,0.0,0.5,0.3631578947368421,0.1,15.08784714822133,12.75
2024-04-04,lear_forecast,39,0.0,-0.0,0.1,0.1,14.524611284842448,12.75
2024-04-04,lear_forecast,40,0.0,0.0,0.1,0.1,14.423436499284678,12.32
2024-04-04,lear_forecast,41,0.0,0.0,0.1,0.1,13.579646070399278,12.46
2024-04-04,lear_forecast,42,0.0,0.0,0.1,0.1,12.775200898349356,12.0
2024-04-04,lear_forecast,43,-0.0,0.0,0.1,0.1,11.806040875678658,12.0
2024-04-04,lear_forecast,44,0.0,0.0,0.1,0.1,11.34387955509722,10.89
2024-04-04,lear_forecast,45,0.0,0.0,0.1,0.1,11.505689505761,11.86
2024-04-04,lear_forecast,46,0.0,0.0,0.1,0.1,10.853621925521708,10.14
2024-04-04,lear_forecast,47,0.34210526315789475,0.0,0.1,0.2625,10.40234645859162,9.57
2024-04-04,lear_forecast,48,0.5,0.0,0.2625,0.5,9.607769509291227,9.02
2024-04-05,lear_forecast,1,0.0,0.0,0.5,0.5,9.722915756081214,9.53
2024-04-05,lear_forecast,2,0.3421052631578949,0.0,0.5,0.6625000000000001,9.718277219169709,10.02
2024-04-05,lear_forecast,3,0.5,0.0,0.6625000000000001,0.9,9.703905734465408,10.0
2024-04-05,lear_forecast,4,0.0,0.0,0.9,0.9,9.799187734014527,10.02
2024-04-05,lear_forecast,5,-0.0,0.0,0.9,0.9,10.286636407717117,10.02
2024-04-05,lear_forecast,6,0.0,0.0,0.9,0.9,10.446783015760374,10.3
2024-04-05,lear_forecast,7,0.0,0.0,0.9,0.9,10.677390456321124,10.39
2024-04-05,lear_forecast,8,0.0,0.0,0.9,0.9,10.931000862769878,10.51
2024-04-05,lear_forecast,9,0.0,0.0,0.9,0.9,10.871011659505085,10.66
2024-04-05,lear_forecast,10,0.0,0.0,0.9,0.9,10.9198669464996,11.18
2024-04-05,lear_forecast,11,0.0,0.5,0.9,0.6368421052631579,11.4981380438485,12.55
2024-04-05,lear_forecast,12,0.0,0.5,0.6368421052631579,0.3736842105263158,11.473468303024031,11.61
2024-04-05,lear_forecast,13,0.0,0.01999999999999996,0.3736842105263158,0.3631578947368421,11.458327270416271,12.0
2024-04-05,lear_forecast,14,0.0,0.5,0.3631578947368421,0.1,11.571179431061315,12.0
2024-04-05,lear_forecast,15,0.0,0.0,0.1,0.1,10.508451230467214,10.89
2024-04-05,lear_forecast,16,-0.0,0.0,0.1,0.1,9.400131928855895,9.87
2024-04-05,lear_forecast,17,0.0,-0.0,0.1,0.1,9.16549382714877,9.39
2024-04-05,lear_forecast,18,0.0,0.0,0.1,0.1,8.795565106445427,9.41
2024-04-05,lear_forecast,19,0.0,0.0,0.1,0.1,8.826554113825187,9.31
2024-04-05,lear_forecast,20,0.0,-0.0,0.1,0.1,7.871120862210222,9.18
2024-04-05,lear_forecast,21,-0.0,0.0,0.1,0.1,6.606264542614392,9.13
2024-04-05,lear_forecast,22,0.0,-0.0,0.1,0.1,5.705770808335827,8.68
2024-04-05,lear_forecast,23,0.0,0.0,0.1,0.1,5.49392916581022,8.51
2024-04-05,lear_forecast,24,0.1842105263157897,0.0,0.1,0.1875000000000001,4.822058679264504,8.68
2024-04-05,lear_forecast,25,0.5,0.0,0.1875000000000001,0.4250000000000001,3.281382754305218,8.0
2024-04-05,lear_forecast,26,0.5,0.0,0.4250000000000001,0.6625000000000001,3.0221249342612744,7.77
2024-04-05,lear_forecast,27,0.5,0.0,0.6625000000000001,0.9,4.319306972488073,8.68
2024-04-05,lear_forecast,28,0.0,0.0,0.9,0.9,5.06853026131706,8.95
2024-04-05,lear_forecast,29,0.0,-0.0,0.9,0.9,5.900694439848774,9.07
2024-04-05,lear_forecast,30,0.0,-0.0,0.9,0.9,6.995883005646143,9.03
2024-04-05,lear_forecast,31,0.0,-0.0,0.9,0.9,7.196682559654633,9.22
2024-04-05,lear_forecast,32,0.0,-0.0,0.9,0.9,7.833074021847439,9.69
2024-04-05,lear_forecast,33,0.0,-0.0,0.9,0.9,8.324657062638673,10.32
2024-04-05,lear_forecast,34,-0.0,0.0,0.9,0.9,9.647504456816486,11.41
2024-04-05,lear_forecast,35,0.0,0.0,0.9,0.9,10.50372106928187,12.0
2024-04-05,lear_forecast,36,0.0,0.0,0.9,0.9,12.467624526129136,13.09
2024-04-05,lear_forecast,37,0.0,0.0,0.9,0.9,12.42621503209967,13.67
2024-04-05,lear_forecast,38,0.0,0.5,0.9,0.6368421052631579,12.598348526695696,16.03
2024-04-05,lear_forecast,39,0.0,0.5,0.6368421052631579,0.3736842105263158,12.832540856136076,14.0
2024-04-05,lear_forecast,40,0.0,0.5,0.3736842105263158,0.1105263157894737,12.803190988799694,13.9
2024-04-05,lear_forecast,41,0.0,0.02000000000000001,0.1105263157894737,0.1,12.515628523368678,13.21
2024-04-05,lear_forecast,42,0.0,-0.0,0.1,0.1,12.323523002411992,13.09
2024-04-05,lear_forecast,43,0.0,0.0,0.1,0.1,11.961816294467068,12.85
2024-04-05,lear_forecast,44,0.0,0.0,0.1,0.1,11.189741108855394,12.55
2024-04-05,lear_forecast,45,0.0,0.0,0.1,0.1,11.411065919659336,12.59
2024-04-05,lear_forecast,46,0.0,0.0,0.1,0.1,10.792516919324264,11.0
2024-04-05,lear_forecast,47,0.34210526315789475,0.0,0.1,0.2625,10.379528866052972,10.3
2024-04-05,lear_forecast,48,0.5,0.0,0.2625,0.5,9.395671890475384,9.74
2024-04-06,lear_forecast,1,0.0,0.0,0.5,0.5,10.684380325180737,10.5
2024-04-06,lear_forecast,2,0.0,0.0,0.5,0.5,10.384473941625837,10.26
2024-04-06,lear_forecast,3,0.0,0.0,0.5,0.5,10.1624381974931,10.42
2024-04-06,lear_forecast,4,0.0,0.0,0.5,0.5,10.216753742207114,10.95
2024-04-06,lear_forecast,5,0.0,0.0,0.5,0.5,10.583007135931137,11.54
2024-04-06,lear_forecast,6,0.0,0.0,0.5,0.5,10.616578464322949,12.0
2024-04-06,lear_forecast,7,0.0,0.0,0.5,0.5,10.862914526121,12.27
2024-04-06,lear_forecast,8,0.0,0.0,0.5,0.5,11.093838518897522,12.85
2024-04-06,lear_forecast,9,0.0,0.0,0.5,0.5,11.081069982141628,12.85
2024-04-06,lear_forecast,10,0.0,0.25999999999999995,0.5,0.3631578947368421,11.189986202286809,12.85
2024-04-06,lear_forecast,11,0.0,0.5,0.3631578947368421,0.1,11.610905690770483,12.85
2024-04-06,lear_forecast,12,0.0,0.0,0.1,0.1,11.16005520484353,12.63
2024-04-06,lear_forecast,13,0.0,0.0,0.1,0.1,10.976088610174555,11.99
2024-04-06,lear_forecast,14,0.0,-0.0,0.1,0.1,9.691890726080477,10.37
2024-04-06,lear_forecast,15,-0.0,0.0,0.1,0.1,8.392385793164802,9.47
2024-04-06,lear_forecast,16,0.0,0.0,0.1,0.1,6.703758917756505,9.11
2024-04-06,lear_forecast,17,-0.0,0.0,0.1,0.1,6.631910859424769,9.11
2024-04-06,lear_forecast,18,0.0,-0.0,0.1,0.1,5.306467946185167,9.07
2024-04-06,lear_forecast,19,-0.0,0.0,0.1,0.1,4.652911752434678,9.03
2024-04-06,lear_forecast,20,-0.0,0.0,0.1,0.1,4.1775982284525455,8.19
2024-04-06,lear_forecast,21,-0.0,0.0,0.1,0.1,3.488727456514924,7.0
2024-04-06,lear_forecast,22,0.0,-0.0,0.1,0.1,2.501525958410758,5.0
2024-04-06,lear_forecast,23,0.1842105263157897,0.0,0.1,0.1875000000000001,2.020189859174904,4.0
2024-04-06,lear_forecast,24,0.5,0.0,0.1875000000000001,0.4250000000000001,1.794331464598244,3.5
2024-04-06,lear_forecast,25,0.5,0.0,0.4250000000000001,0.6625000000000001,1.8788259913048977,3.0
2024-04-06,lear_forecast,26,0.5,0.0,0.6625000000000001,0.9,1.8128028152240576,3.0
2024-04-06,lear_forecast,27,0.0,-0.0,0.9,0.9,2.363248920231948,5.27
2024-04-06,lear_forecast,28,0.0,-0.0,0.9,0.9,3.1537737468618783,7.3
2024-04-06,lear_forecast,29,0.0,-0.0,0.9,0.9,3.5432192647183456,7.92
2024-04-06,lear_forecast,30,0.0,-0.0,0.9,0.9,4.635811356801289,8.78
2024-04-06,lear_forecast,31,0.0,-0.0,0.9,0.9,5.335662459783494,9.14
2024-04-06,lear_forecast,32,0.0,-0.0,0.9,0.9,5.690113980613646,9.73
2024-04-06,lear_forecast,33,0.0,0.0,0.9,0.9,5.445153662130748,9.67
2024-04-06,lear_forecast,34,0.0,-0.0,0.9,0.9,6.11061007525409,10.46
2024-04-06,lear_forecast,35,0.0,-0.0,0.9,0.9,8.292469906488256,10.63
2024-04-06,lear_forecast,36,-0.0,0.0,0.9,0.9,10.509645549824086,11.95
2024-04-06,lear_forecast,37,0.0,0.0,0.9,0.9,11.379164738450964,12.85
2024-04-06,lear_forecast,38,0.0,-0.0,0.9,0.9,11.934529340207757,13.47
2024-04-06,lear_forecast,39,0.0,0.5,0.9,0.6368421052631579,12.562679097611094,12.65
2024-04-06,lear_forecast,40,0.0,0.5,0.6368421052631579,0.3736842105263158,12.77054997096851,12.55
2024-04-06,lear_forecast,41,0.0,0.5,0.3736842105263158,0.1105263157894737,12.568414270129342,12.0
2024-04-06,lear_forecast,42,0.0,0.02000000000000001,0.1105263157894737,0.1,12.295856790767854,11.58
2024-04-06,lear_forecast,43,0.0,0.0,0.1,0.1,11.881209473523349,11.33
2024-04-06,lear_forecast,44,0.0,0.0,0.1,0.1,11.738185588863232,10.46
2024-04-06,lear_forecast,45,0.0,0.0,0.1,0.1,11.8633282008506,10.62
2024-04-06,lear_forecast,46,-0.0,0.0,0.1,0.1,10.9532486996174,10.19
2024-04-06,lear_forecast,47,0.3421052631578947,0.0,0.1,0.2625,10.264146896056696,10.22
2024-04-06,lear_forecast,48,0.5,0.0,0.2625,0.5,9.64866837365158,9.52
2024-04-07,lear_forecast,1,0.0,0.0,0.5,0.5,10.201963664186742,10.96
2024-04-07,lear_forecast,2,0.3421052631578949,0.0,0.5,0.6625000000000001,10.00255666833683,10.23
2024-04-07,lear_forecast,3,0.5,0.0,0.6625000000000001,0.9,9.995490164723428,10.11
2024-04-07,lear_forecast,4,0.0,0.0,0.9,0.9,10.13425863226026,9.98
2024-04-07,lear_forecast,5,0.0,0.0,0.9,0.9,10.61014231446436,10.16
2024-04-07,lear_forecast,6,0.0,0.0,0.9,0.9,10.82348730195472,10.3
2024-04-07,lear_forecast,7,0.0,-0.0,0.9,0.9,11.103236490456595,10.41
2024-04-07,lear_forecast,8,0.0,0.020000000000000275,0.9,0.8894736842105262,11.291175478138875,11.01
2024-04-07,lear_forecast,9,0.0,0.5,0.8894736842105262,0.6263157894736842,11.421702099775732,10.5
2024-04-07,lear_forecast,10,0.0,0.5,0.6263157894736842,0.3631578947368421,11.65742726189502,10.52
2024-04-07,lear_forecast,11,0.0,0.5,0.3631578947368421,0.1,11.671872635206608,10.45
2024-04-07,lear_forecast,12,0.0,0.0,0.1,0.1,10.897060088450266,10.19
2024-04-07,lear_forecast,13,-0.0,0.0,0.1,0.1,10.133276595019025,9.88
2024-04-07,lear_forecast,14,-0.0,0.0,0.1,0.1,8.247703213527249,9.85
2024-04-07,lear_forecast,15,0.0,-0.0,0.1,0.1,6.811518075516851,8.95
2024-04-07,lear_forecast,16,0.0,-0.0,0.1,0.1,5.055313407324329,7.88
2024-04-07,lear_forecast,17,-0.0,0.0,0.1,0.1,4.382912032907543,8.12
2024-04-07,lear_forecast,18,-0.0,0.0,0.1,0.1,3.6446845474562526,7.3
2024-04-07,lear_forecast,19,0.0,-0.0,0.1,0.1,2.6485442995434667,5.4
2024-04-07,lear_forecast,20,0.0,-0.0,0.1,0.1,1.8222514042959048,3.01
2024-04-07,lear_forecast,21,0.1842105263157897,0.0,0.1,0.1875000000000001,1.3975144418307046,0.01
2024-04-07,lear_forecast,22,0.5,0.0,0.1875000000000001,0.4250000000000001,0.7967888454116832,0.01
2024-04-07,lear_forecast,23,0.5,0.0,0.4250000000000001,0.6625000000000001,0.4444744985047588,0.01
2024-04-07,lear_forecast,24,0.5,0.0,0.6625000000000001,0.9,0.7115278855396756,0.01
2024-04-07,lear_forecast,25,0.0,0.0,0.9,0.9,1.545548515670757,0.01
2024-04-07,lear_forecast,26,0.0,0.4512499999999999,0.9,0.6625000000000001,1.9053262669657745,0.01
2024-04-07,lear_forecast,27,0.5,0.0,0.6625000000000001,0.9,1.7051942091687522,0.01
2024-04-07,lear_forecast,28,0.0,-0.0,0.9,0.9,2.2242144818349185,0.01
2024-04-07,lear_forecast,29,0.0,-0.0,0.9,0.9,2.628714509974804,0.03
2024-04-07,lear_forecast,30,0.0,-0.0,0.9,0.9,3.92281086068523,1.0
2024-04-07,lear_forecast,31,0.0,-0.0,0.9,0.9,4.806704625513142,3.0
2024-04-07,lear_forecast,32,0.0,-0.0,0.9,0.9,5.791471364538406,7.61
2024-04-07,lear_forecast,33,0.0,-0.0,0.9,0.9,6.148943538653329,8.51
2024-04-07,lear_forecast,34,0.0,-0.0,0.9,0.9,6.999568370968703,9.24
2024-04-07,lear_forecast,35,0.0,-0.0,0.9,0.9,9.463249069273536,10.03
2024-04-07,lear_forecast,36,0.0,0.0,0.9,0.9,11.290327467926412,11.95
2024-04-07,lear_forecast,37,0.0,-0.0,0.9,0.9,12.058630715919366,13.4
2024-04-07,lear_forecast,38,0.0,0.020000000000000275,0.9,0.8894736842105262,12.091488163693349,12.85
2024-04-07,lear_forecast,39,0.0,0.5,0.8894736842105262,0.6263157894736842,12.250685111976168,13.0
2024-04-07,lear_forecast,40,0.0,0.5,0.6263157894736842,0.3631578947368421,12.478402450998372,12.8
2024-04-07,lear_forecast,41,0.0,0.5,0.3631578947368421,0.1,12.129886716635584,12.49
2024-04-07,lear_forecast,42,0.0,0.0,0.1,0.1,11.900450752605234,11.59
2024-04-07,lear_forecast,43,0.0,0.0,0.1,0.1,11.2909652490447,12.55
2024-04-07,lear_forecast,44,0.0,0.0,0.1,0.1,11.114825479595682,11.54
2024-04-07,lear_forecast,45,0.0,0.0,0.1,0.1,11.146174168901716,10.26
2024-04-07,lear_forecast,46,0.0,0.0,0.1,0.1,10.473800350863176,9.96
2024-04-07,lear_forecast,47,0.34210526315789475,0.0,0.1,0.2625,10.334943314278489,9.95
2024-04-07,lear_forecast,48,0.5,0.0,0.2625,0.5,9.480959889343971,9.5
2024-04-01,perfect_foresight_upper_bound,1,0.5,0.0,0.5,0.7375,,8.57
2024-04-01,perfect_foresight_upper_bound,2,0.3421052631578949,0.0,0.7375,0.9,,8.59
2024-04-01,perfect_foresight_upper_bound,3,0.0,0.0,0.9,0.9,,8.86
2024-04-01,perfect_foresight_upper_bound,4,0.0,0.0,0.9,0.9,,8.95
2024-04-01,perfect_foresight_upper_bound,5,0.0,0.0,0.9,0.9,,9.0
2024-04-01,perfect_foresight_upper_bound,6,0.0,0.0,0.9,0.9,,9.13
2024-04-01,perfect_foresight_upper_bound,7,0.0,0.0,0.9,0.9,,9.31
2024-04-01,perfect_foresight_upper_bound,8,0.0,0.0,0.9,0.9,,9.2
2024-04-01,perfect_foresight_upper_bound,9,0.0,0.0,0.9,0.9,,9.5
2024-04-01,perfect_foresight_upper_bound,10,0.0,0.0,0.9,0.9,,9.54
2024-04-01,perfect_foresight_upper_bound,11,0.0,0.5,0.9,0.6368421052631579,,10.01
2024-04-01,perfect_foresight_upper_bound,12,0.0,0.5,0.6368421052631579,0.3736842105263158,,10.0
2024-04-01,perfect_foresight_upper_bound,13,0.0,0.5,0.3736842105263158,0.1105263157894737,,10.04
2024-04-01,perfect_foresight_upper_bound,14,0.0,0.02000000000000001,0.1105263157894737,0.1,,9.55
2024-04-01,perfect_foresight_upper_bound,15,0.0,0.0,0.1,0.1,,9.06
2024-04-01,perfect_foresight_upper_bound,16,0.0,0.0,0.1,0.1,,8.77
2024-04-01,perfect_foresight_upper_bound,17,0.0,-0.0,0.1,0.1,,7.17
2024-04-01,perfect_foresight_upper_bound,18,-0.0,0.0,0.1,0.1,,6.01
2024-04-01,perfect_foresight_upper_bound,19,-0.0,0.0,0.1,0.1,,3.0
2024-04-01,perfect_foresight_upper_bound,20,0.0,-0.0,0.1,0.1,,0.5
2024-04-01,perfect_foresight_upper_bound,21,-0.0,0.0,0.1,0.1,,0.02
2024-04-01,perfect_foresight_upper_bound,22,-0.0,0.0,0.1,0.1,,0.01
2024-04-01,perfect_foresight_upper_bound,23,-0.0,0.0,0.1,0.1,,0.01
2024-04-01,perfect_foresight_upper_bound,24,-0.0,0.0,0.1,0.1,,0.01
2024-04-01,perfect_foresight_upper_bound,25,-0.0,0.0,0.1,0.10000000000000002,,0.01
2024-04-01,perfect_foresight_upper_bound,26,-0.0,0.0,0.10000000000000002,0.10000000000000002,,0.01
2024-04-01,perfect_foresight_upper_bound,27,0.1842105263157892,0.0,0.10000000000000002,0.1874999999999999,,0.01
2024-04-01,perfect_foresight_upper_bound,28,0.0,0.0,0.1874999999999999,0.1874999999999999,,0.01
2024-04-01,perfect_foresight_upper_bound,29,0.5,0.0,0.1874999999999999,0.4249999999999999,,0.01
2024-04-01,perfect_foresight_upper_bound,30,0.5000000000000004,0.0,0.4249999999999999,0.6625000000000001,,0.01
2024-04-01,perfect_foresight_upper_bound,31,0.5,0.0,0.6625000000000001,0.9,,0.01
2024-04-01,perfect_foresight_upper_bound,32,0.0,-0.0,0.9,0.9,,5.0
2024-04-01,perfect_foresight_upper_bound,33,0.0,-0.0,0.9,0.9,,8.89
2024-04-01,perfect_foresight_upper_bound,34,-0.0,0.0,0.9,0.9,,9.78
2024-04-01,perfect_foresight_upper_bound,35,-0.0,0.0,0.9,0.9,,11.17
2024-04-01,perfect_foresight_upper_bound,36,0.0,0.5,0.9,0.6368421052631579,,13.15
2024-04-01,perfect_foresight_upper_bound,37,0.0,0.020000000000000063,0.6368421052631579,0.6263157894736842,,13.09
2024-04-01,perfect_foresight_upper_bound,38,0.0,0.5,0.6263157894736842,0.3631578947368421,,15.0
2024-04-01,perfect_foresight_upper_bound,39,0.0,0.5,0.3631578947368421,0.1,,14.46
2024-04-01,perfect_foresight_upper_bound,40,0.0,0.0,0.1,0.1,,12.85
2024-04-01,perfect_foresight_upper_bound,41,-0.0,0.0,0.1,0.1,,11.75
2024-04-01,perfect_foresight_upper_bound,42,0.0,-0.0,0.1,0.1,,11.68
2024-04-01,perfect_foresight_upper_bound,43,0.0,0.0,0.1,0.1,,11.65
2024-04-01,perfect_foresight_upper_bound,44,0.0,0.0,0.1,0.1,,10.32
2024-04-01,perfect_foresight_upper_bound,45,0.0,0.0,0.1,0.1,,10.44
2024-04-01,perfect_foresight_upper_bound,46,0.0,0.0,0.1,0.1,,9.78
2024-04-01,perfect_foresight_upper_bound,47,0.34210526315789475,0.0,0.1,0.2625,,9.71
2024-04-01,perfect_foresight_upper_bound,48,0.5,0.0,0.2625,0.5,,9.08
2024-04-02,perfect_foresight_upper_bound,1,0.3421052631578949,0.0,0.5,0.6625000000000001,,9.39
2024-04-02,perfect_foresight_upper_bound,2,0.5,0.0,0.6625000000000001,0.9,,9.38
2024-04-02,perfect_foresight_upper_bound,3,-0.0,0.0,0.9,0.9,,9.4
2024-04-02,perfect_foresight_upper_bound,4,-0.0,0.0,0.9,0.9,,9.62
2024-04-02,perfect_foresight_upper_bound,5,0.0,0.0,0.9,0.9,,9.7
2024-04-02,perfect_foresight_upper_bound,6,0.0,0.0,0.9,0.9,,10.32
2024-04-02,perfect_foresight_upper_bound,7,0.0,0.0,0.9,0.9,,10.39
2024-04-02,perfect_foresight_upper_bound,8,0.0,0.0,0.9,0.9,,10.45
2024-04-02,perfect_foresight_upper_bound,9,0.0,-0.0,0.9,0.9,,11.0
2024-04-02,perfect_foresight_upper_bound,10,0.0,0.020000000000000275,0.9,0.8894736842105262,,11.19
2024-04-02,perfect_foresight_upper_bound,11,0.0,0.5,0.8894736842105262,0.6263157894736842,,12.0
2024-04-02,perfect_foresight_upper_bound,12,0.0,0.5,0.6263157894736842,0.3631578947368421,,12.47
2024-04-02,perfect_foresight_upper_bound,13,0.0,0.5,0.3631578947368421,0.1,,12.47
2024-04-02,perfect_foresight_upper_bound,14,0.0,-0.0,0.1,0.1,,10.61
2024-04-02,perfect_foresight_upper_bound,15,0.0,0.0,0.1,0.1,,9.22
2024-04-02,perfect_foresight_upper_bound,16,-0.0,0.0,0.1,0.1,,8.66
2024-04-02,perfect_foresight_upper_bound,17,0.0,-0.0,0.1,0.1,,7.52
2024-04-02,perfect_foresight_upper_bound,18,0.0,0.0,0.1,0.1,,7.0
2024-04-02,perfect_foresight_upper_bound,19,0.0,0.0,0.1,0.1,,7.17
2024-04-02,perfect_foresight_upper_bound,20,0.0,-0.0,0.1,0.1,,5.21
2024-04-02,perfect_foresight_upper_bound,21,0.0,0.0,0.1,0.1,,4.72
2024-04-02,perfect_foresight_upper_bound,22,-0.0,0.0,0.1,0.1,,3.0
2024-04-02,perfect_foresight_upper_bound,23,0.0,-0.0,0.1,0.1,,1.0
2024-04-02,perfect_foresight_upper_bound,24,0.1842105263157897,0.0,0.1,0.1875000000000001,,0.04
2024-04-02,perfect_foresight_upper_bound,25,0.5,0.0,0.1875000000000001,0.4250000000000001,,0.01
2024-04-02,perfect_foresight_upper_bound,26,0.5,0.0,0.4250000000000001,0.6625000000000001,,0.01
2024-04-02,perfect_foresight_upper_bound,27,0.5,0.0,0.6625000000000001,0.9,,0.02
2024-04-02,perfect_foresight_upper_bound,28,0.0,-0.0,0.9,0.9,,2.0
2024-04-02,perfect_foresight_upper_bound,29,0.0,-0.0,0.9,0.9,,3.26
2024-04-02,perfect_foresight_upper_bound,30,0.0,-0.0,0.9,0.9,,4.25
2024-04-02,perfect_foresight_upper_bound,31,0.0,-0.0,0.9,0.9,,7.0
2024-04-02,perfect_foresight_upper_bound,32,0.0,-0.0,0.9,0.9,,8.89
2024-04-02,perfect_foresight_upper_bound,33,0.0,-0.0,0.9,0.9,,9.02
2024-04-02,perfect_foresight_upper_bound,34,-0.0,0.0,0.9,0.9,,9.7
2024-04-02,perfect_foresight_upper_bound,35,-0.0,0.0,0.9,0.9,,11.54
2024-04-02,perfect_foresight_upper_bound,36,0.0,0.5,0.9,0.6368421052631579,,14.04
2024-04-02,perfect_foresight_upper_bound,37,0.0,0.5,0.6368421052631579,0.3736842105263158,,14.29
2024-04-02,perfect_foresight_upper_bound,38,0.0,0.5,0.3736842105263158,0.1105263157894737,,14.21
2024-04-02,perfect_foresight_upper_bound,39,0.0,0.02000000000000001,0.1105263157894737,0.1,,13.98
2024-04-02,perfect_foresight_upper_bound,40,0.0,0.0,0.1,0.1,,12.85
2024-04-02,perfect_foresight_upper_bound,41,0.0,-0.0,0.1,0.1,,13.0
2024-04-02,perfect_foresight_upper_bound,42,0.0,0.0,0.1,0.1,,12.25
2024-04-02,perfect_foresight_upper_bound,43,0.0,0.0,0.1,0.1,,12.0
2024-04-02,perfect_foresight_upper_bound,44,-0.0,0.0,0.1,0.1,,11.67
2024-04-02,perfect_foresight_upper_bound,45,0.0,0.0,0.1,0.1,,11.81
2024-04-02,perfect_foresight_upper_bound,46,0.0,0.0,0.1,0.1,,10.0
2024-04-02,perfect_foresight_upper_bound,47,0.34210526315789475,0.0,0.1,0.2625,,9.8
2024-04-02,perfect_foresight_upper_bound,48,0.5,0.0,0.2625,0.5,,9.02
2024-04-03,perfect_foresight_upper_bound,1,0.0,-0.0,0.5,0.5,,9.25
2024-04-03,perfect_foresight_upper_bound,2,0.0,0.0,0.5,0.5,,9.0
2024-04-03,perfect_foresight_upper_bound,3,0.5,0.0,0.5,0.7375,,8.95
2024-04-03,perfect_foresight_upper_bound,4,0.3421052631578947,0.0,0.7375,0.9,,9.0
2024-04-03,perfect_foresight_upper_bound,5,0.0,0.0,0.9,0.9,,9.02
2024-04-03,perfect_foresight_upper_bound,6,0.0,0.0,0.9,0.9,,9.2
2024-04-03,perfect_foresight_upper_bound,7,0.0,0.0,0.9,0.9,,9.7
2024-04-03,perfect_foresight_upper_bound,8,0.0,0.0,0.9,0.9,,10.0
2024-04-03,perfect_foresight_upper_bound,9,0.0,0.0,0.9,0.9,,9.78
2024-04-03,perfect_foresight_upper_bound,10,0.0,0.0,0.9,0.9,,9.75
2024-04-03,perfect_foresight_upper_bound,11,0.0,0.0,0.9,0.9,,10.02
2024-04-03,perfect_foresight_upper_bound,12,0.0,0.0,0.9,0.9,,9.66
2024-04-03,perfect_foresight_upper_bound,13,0.0,0.0,0.9,0.9,,9.57
2024-04-03,perfect_foresight_upper_bound,14,0.0,0.0,0.9,0.9,,9.55
2024-04-03,perfect_foresight_upper_bound,15,0.0,0.0,0.9,0.9,,9.6
2024-04-03,perfect_foresight_upper_bound,16,0.0,0.0,0.9,0.9,,10.07
2024-04-03,perfect_foresight_upper_bound,17,0.0,0.0,0.9,0.9,,10.5
2024-04-03,perfect_foresight_upper_bound,18,0.0,0.0,0.9,0.9,,11.35
2024-04-03,perfect_foresight_upper_bound,19,0.0,0.5,0.9,0.6368421052631579,,13.97
2024-04-03,perfect_foresight_upper_bound,20,0.0,0.0,0.6368421052631579,0.6368421052631579,,12.85
2024-04-03,perfect_foresight_upper_bound,21,0.0,0.0,0.6368421052631579,0.6368421052631579,,12.0
2024-04-03,perfect_foresight_upper_bound,22,0.0,0.0,0.6368421052631579,0.6368421052631579,,12.0
2024-04-03,perfect_foresight_upper_bound,23,0.0,0.4024999999999998,0.6368421052631579,0.4250000000000001,,12.97
2024-04-03,perfect_foresight_upper_bound,24,0.0,0.0,0.4250000000000001,0.4250000000000001,,12.44
2024-04-03,perfect_foresight_upper_bound,25,0.5,0.0,0.4250000000000001,0.6625000000000001,,10.14
2024-04-03,perfect_foresight_upper_bound,26,0.5,0.0,0.6625000000000001,0.9,,10.14
2024-04-03,perfect_foresight_upper_bound,27,0.0,0.0,0.9,0.9,,12.5
2024-04-03,perfect_foresight_upper_bound,28,0.0,0.0,0.9,0.9,,13.18
2024-04-03,perfect_foresight_upper_bound,29,0.0,0.0,0.9,0.9,,13.09
2024-04-03,perfect_foresight_upper_bound,30,0.0,0.0,0.9,0.9,,13.09
2024-04-03,perfect_foresight_upper_bound,31,0.0,0.0,0.9,0.9,,12.0
2024-04-03,perfect_foresight_upper_bound,32,0.0,0.0,0.9,0.9,,14.0
2024-04-03,perfect_foresight_upper_bound,33,0.0,0.0,0.9,0.9,,16.28
2024-04-03,perfect_foresight_upper_bound,34,0.0,0.0,0.9,0.9,,16.28
2024-04-03,perfect_foresight_upper_bound,35,0.0,0.020000000000000275,0.9,0.8894736842105262,,16.28
2024-04-03,perfect_foresight_upper_bound,36,0.0,0.5,0.8894736842105262,0.6263157894736842,,16.28
2024-04-03,perfect_foresight_upper_bound,37,0.0,0.5,0.6263157894736842,0.3631578947368421,,16.28
2024-04-03,perfect_foresight_upper_bound,38,0.0,0.5,0.3631578947368421,0.1,,16.28
2024-04-03,perfect_foresight_upper_bound,39,0.0,0.0,0.1,0.1,,15.5
2024-04-03,perfect_foresight_upper_bound,40,0.0,0.0,0.1,0.1,,14.16
2024-04-03,perfect_foresight_upper_bound,41,0.0,0.0,0.1,0.1,,13.5
2024-04-03,perfect_foresight_upper_bound,42,0.0,0.0,0.1,0.1,,12.5
2024-04-03,perfect_foresight_upper_bound,43,0.0,0.0,0.1,0.1,,11.93
2024-04-03,perfect_foresight_upper_bound,44,0.0,0.0,0.1,0.1,,10.58
2024-04-03,perfect_foresight_upper_bound,45,0.0,0.0,0.1,0.1,,10.49
2024-04-03,perfect_foresight_upper_bound,46,0.34210526315789475,0.0,0.1,0.2625,,9.7
2024-04-03,perfect_foresight_upper_bound,47,0.0,0.0,0.2625,0.2625,,9.7
2024-04-03,perfect_foresight_upper_bound,48,0.5,0.0,0.2625,0.5,,8.95
2024-04-04,perfect_foresight_upper_bound,1,0.5,0.0,0.5,0.7375,,9.8
2024-04-04,perfect_foresight_upper_bound,2,0.0,0.0,0.7375,0.7375,,10.5
2024-04-04,perfect_foresight_upper_bound,3,0.0,0.0,0.7375,0.7375,,10.5
2024-04-04,perfect_foresight_upper_bound,4,0.0,0.0,0.7375,0.7375,,10.49
2024-04-04,perfect_foresight_upper_bound,5,0.0,0.0,0.7375,0.7375,,10.52
2024-04-04,perfect_foresight_upper_bound,6,0.3421052631578947,0.0,0.7375,0.9,,10.43
2024-04-04,perfect_foresight_upper_bound,7,0.0,0.0,0.9,0.9,,10.89
2024-04-04,perfect_foresight_upper_bound,8,0.0,0.0,0.9,0.9,,10.77
2024-04-04,perfect_foresight_upper_bound,9,0.0,0.0,0.9,0.9,,11.23
2024-04-04,perfect_foresight_upper_bound,10,0.0,0.0,0.9,0.9,,11.79
2024-04-04,perfect_foresight_upper_bound,11,0.0,0.5,0.9,0.6368421052631579,,12.75
2024-04-04,perfect_foresight_upper_bound,12,0.0,0.0,0.6368421052631579,0.6368421052631579,,11.76
2024-04-04,perfect_foresight_upper_bound,13,0.0,0.5,0.6368421052631579,0.3736842105263158,,12.0
2024-04-04,perfect_foresight_upper_bound,14,0.0,0.5,0.3736842105263158,0.1105263157894737,,13.15
2024-04-04,perfect_foresight_upper_bound,15,0.0,0.02000000000000001,0.1105263157894737,0.1,,11.95
2024-04-04,perfect_foresight_upper_bound,16,0.0,0.0,0.1,0.1,,10.32
2024-04-04,perfect_foresight_upper_bound,17,0.0,0.0,0.1,0.1,,10.0
2024-04-04,perfect_foresight_upper_bound,18,0.0,0.0,0.1,0.1,,9.33
2024-04-04,perfect_foresight_upper_bound,19,0.0,0.0,0.1,0.1,,9.75
2024-04-04,perfect_foresight_upper_bound,20,0.0,0.0,0.1,0.1,,9.25
2024-04-04,perfect_foresight_upper_bound,21,0.0,0.0,0.1,0.1,,8.95
2024-04-04,perfect_foresight_upper_bound,22,0.0,0.0,0.1,0.1,,8.82
2024-04-04,perfect_foresight_upper_bound,23,0.0,0.0,0.1,0.1,,8.7
2024-04-04,perfect_foresight_upper_bound,24,0.5,0.0,0.1,0.3375,,7.96
2024-04-04,perfect_foresight_upper_bound,25,0.5,0.0,0.3375,0.575,,7.15
2024-04-04,perfect_foresight_upper_bound,26,0.5,0.0,0.575,0.8125,,7.15
2024-04-04,perfect_foresight_upper_bound,27,0.18421052631578952,0.0,0.8125,0.9,,8.7
2024-04-04,perfect_foresight_upper_bound,28,0.0,0.0,0.9,0.9,,8.86
2024-04-04,perfect_foresight_upper_bound,29,0.0,0.0,0.9,0.9,,8.95
2024-04-04,perfect_foresight_upper_bound,30,0.0,0.0,0.9,0.9,,8.94
2024-04-04,perfect_foresight_upper_bound,31,0.0,0.0,0.9,0.9,,9.12
2024-04-04,perfect_foresight_upper_bound,32,0.0,0.0,0.9,0.9,,9.66
2024-04-04,perfect_foresight_upper_bound,33,0.0,0.0,0.9,0.9,,10.02
2024-04-04,perfect_foresight_upper_bound,34,0.0,0.0,0.9,0.9,,10.52
2024-04-04,perfect_foresight_upper_bound,35,0.0,0.0,0.9,0.9,,12.0
2024-04-04,perfect_foresight_upper_bound,36,0.0,0.5,0.9,0.6368421052631579,,14.5
2024-04-04,perfect_foresight_upper_bound,37,0.0,0.020000000000000063,0.6368421052631579,0.6263157894736842,,12.75
2024-04-04,perfect_foresight_upper_bound,38,0.0,0.5,0.6263157894736842,0.3631578947368421,,12.75
2024-04-04,perfect_foresight_upper_bound,39,0.0,0.5,0.3631578947368421,0.1,,12.75
2024-04-04,perfect_foresight_upper_bound,40,0.0,0.0,0.1,0.1,,12.32
2024-04-04,perfect_foresight_upper_bound,41,0.0,0.0,0.1,0.1,,12.46
2024-04-04,perfect_foresight_upper_bound,42,0.0,0.0,0.1,0.1,,12.0
2024-04-04,perfect_foresight_upper_bound,43,0.0,0.0,0.1,0.1,,12.0
2024-04-04,perfect_foresight_upper_bound,44,0.0,0.0,0.1,0.1,,10.89
2024-04-04,perfect_foresight_upper_bound,45,0.0,0.0,0.1,0.1,,11.86
2024-04-04,perfect_foresight_upper_bound,46,0.0,0.0,0.1,0.1,,10.14
2024-04-04,perfect_foresight_upper_bound,47,0.3421052631578947,0.0,0.1,0.2625,,9.57
2024-04-04,perfect_foresight_upper_bound,48,0.5,0.0,0.2625,0.5,,9.02
2024-04-05,perfect_foresight_upper_bound,1,0.5,0.0,0.5,0.7375,,9.53
2024-04-05,perfect_foresight_upper_bound,2,0.0,0.0,0.7375,0.7375,,10.02
2024-04-05,perfect_foresight_upper_bound,3,0.3421052631578947,0.0,0.7375,0.9,,10.0
2024-04-05,perfect_foresight_upper_bound,4,0.0,0.0,0.9,0.9,,10.02
2024-04-05,perfect_foresight_upper_bound,5,0.0,0.0,0.9,0.9,,10.02
2024-04-05,perfect_foresight_upper_bound,6,0.0,0.0,0.9,0.9,,10.3
2024-04-05,perfect_foresight_upper_bound,7,0.0,0.0,0.9,0.9,,10.39
2024-04-05,perfect_foresight_upper_bound,8,0.0,0.0,0.9,0.9,,10.51
2024-04-05,perfect_foresight_upper_bound,9,0.0,0.0,0.9,0.9,,10.66
2024-04-05,perfect_foresight_upper_bound,10,0.0,0.0,0.9,0.9,,11.18
2024-04-05,perfect_foresight_upper_bound,11,0.0,0.5,0.9,0.6368421052631579,,12.55
2024-04-05,perfect_foresight_upper_bound,12,0.0,0.020000000000000063,0.6368421052631579,0.6263157894736842,,11.61
2024-04-05,perfect_foresight_upper_bound,13,0.0,0.5,0.6263157894736842,0.3631578947368421,,12.0
2024-04-05,perfect_foresight_upper_bound,14,0.0,0.5,0.3631578947368421,0.1,,12.0
2024-04-05,perfect_foresight_upper_bound,15,0.0,0.0,0.1,0.1,,10.89
2024-04-05,perfect_foresight_upper_bound,16,0.0,0.0,0.1,0.1,,9.87
2024-04-05,perfect_foresight_upper_bound,17,0.0,0.0,0.1,0.1,,9.39
2024-04-05,perfect_foresight_upper_bound,18,0.0,0.0,0.1,0.1,,9.41
2024-04-05,perfect_foresight_upper_bound,19,0.0,0.0,0.1,0.1,,9.31
2024-04-05,perfect_foresight_upper_bound,20,0.0,0.0,0.1,0.1,,9.18
2024-04-05,perfect_foresight_upper_bound,21,0.0,0.0,0.1,0.1,,9.13
2024-04-05,perfect_foresight_upper_bound,22,0.0,0.0,0.1,0.1,,8.68
2024-04-05,perfect_foresight_upper_bound,23,0.5,0.0,0.1,0.3375,,8.51
2024-04-05,perfect_foresight_upper_bound,24,0.0,0.0,0.3375,0.3375,,8.68
2024-04-05,perfect_foresight_upper_bound,25,0.5,0.0,0.3375,0.575,,8.0
2024-04-05,perfect_foresight_upper_bound,26,0.5,0.0,0.575,0.8125,,7.77
2024-04-05,perfect_foresight_upper_bound,27,0.18421052631578952,0.0,0.8125,0.9,,8.68
2024-04-05,perfect_foresight_upper_bound,28,0.0,0.0,0.9,0.9,,8.95
2024-04-05,perfect_foresight_upper_bound,29,0.0,0.0,0.9,0.9,,9.07
2024-04-05,perfect_foresight_upper_bound,30,0.0,0.0,0.9,0.9,,9.03
2024-04-05,perfect_foresight_upper_bound,31,0.0,0.0,0.9,0.9,,9.22
2024-04-05,perfect_foresight_upper_bound,32,0.0,0.0,0.9,0.9,,9.69
2024-04-05,perfect_foresight_upper_bound,33,0.0,0.0,0.9,0.9,,10.32
2024-04-05,perfect_foresight_upper_bound,34,0.0,0.0,0.9,0.9,,11.41
2024-04-05,perfect_foresight_upper_bound,35,0.0,0.0,0.9,0.9,,12.0
2024-04-05,perfect_foresight_upper_bound,36,0.0,0.0,0.9,0.9,,13.09
2024-04-05,perfect_foresight_upper_bound,37,0.0,0.020000000000000275,0.9,0.8894736842105262,,13.67
2024-04-05,perfect_foresight_upper_bound,38,0.0,0.5,0.8894736842105262,0.6263157894736842,,16.03
2024-04-05,perfect_foresight_upper_bound,39,0.0,0.5,0.6263157894736842,0.3631578947368421,,14.0
2024-04-05,perfect_foresight_upper_bound,40,0.0,0.5,0.3631578947368421,0.1,,13.9
2024-04-05,perfect_foresight_upper_bound,41,0.0,0.0,0.1,0.1,,13.21
2024-04-05,perfect_foresight_upper_bound,42,0.0,0.0,0.1,0.1,,13.09
2024-04-05,perfect_foresight_upper_bound,43,0.0,0.0,0.1,0.1,,12.85
2024-04-05,perfect_foresight_upper_bound,44,0.0,0.0,0.1,0.1,,12.55
2024-04-05,perfect_foresight_upper_bound,45,0.0,0.0,0.1,0.1,,12.59
2024-04-05,perfect_foresight_upper_bound,46,0.0,0.0,0.1,0.1,,11.0
2024-04-05,perfect_foresight_upper_bound,47,0.3421052631578947,0.0,0.1,0.2625,,10.3
2024-04-05,perfect_foresight_upper_bound,48,0.5,0.0,0.2625,0.5,,9.74
2024-04-06,perfect_foresight_upper_bound,1,0.0,0.0,0.5,0.5,,10.5
2024-04-06,perfect_foresight_upper_bound,2,0.5,0.0,0.5,0.7375,,10.26
2024-04-06,perfect_foresight_upper_bound,3,0.3421052631578947,0.0,0.7375,0.9,,10.42
2024-04-06,perfect_foresight_upper_bound,4,0.0,0.0,0.9,0.9,,10.95
2024-04-06,perfect_foresight_upper_bound,5,0.0,0.0,0.9,0.9,,11.54
2024-04-06,perfect_foresight_upper_bound,6,0.0,-0.0,0.9,0.9,,12.0
2024-04-06,perfect_foresight_upper_bound,7,0.0,0.0,0.9,0.9,,12.27
2024-04-06,perfect_foresight_upper_bound,8,0.0,0.5,0.9,0.6368421052631579,,12.85
2024-04-06,perfect_foresight_upper_bound,9,0.0,0.5,0.6368421052631579,0.3736842105263158,,12.85
2024-04-06,perfect_foresight_upper_bound,10,0.0,0.5,0.3736842105263158,0.1105263157894737,,12.85
2024-04-06,perfect_foresight_upper_bound,11,0.0,0.02000000000000001,0.1105263157894737,0.1,,12.85
2024-04-06,perfect_foresight_upper_bound,12,0.0,0.0,0.1,0.1,,12.63
2024-04-06,perfect_foresight_upper_bound,13,0.0,0.0,0.1,0.1,,11.99
2024-04-06,perfect_foresight_upper_bound,14,0.0,-0.0,0.1,0.1,,10.37
2024-04-06,perfect_foresight_upper_bound,15,0.0,0.0,0.1,0.1,,9.47
2024-04-06,perfect_foresight_upper_bound,16,-0.0,0.0,0.1,0.1,,9.11
2024-04-06,perfect_foresight_upper_bound,17,0.0,-0.0,0.1,0.1,,9.11
2024-04-06,perfect_foresight_upper_bound,18,0.0,0.0,0.1,0.1,,9.07
2024-04-06,perfect_foresight_upper_bound,19,0.0,0.0,0.1,0.1,,9.03
2024-04-06,perfect_foresight_upper_bound,20,0.0,-0.0,0.1,0.1,,8.19
2024-04-06,perfect_foresight_upper_bound,21,0.0,-0.0,0.1,0.1,,7.0
2024-04-06,perfect_foresight_upper_bound,22,0.0,-0.0,0.1,0.1,,5.0
2024-04-06,perfect_foresight_upper_bound,23,0.1842105263157897,0.0,0.1,0.1875000000000001,,4.0
2024-04-06,perfect_foresight_upper_bound,24,0.5,0.0,0.1875000000000001,0.4250000000000001,,3.5
2024-04-06,perfect_foresight_upper_bound,25,0.5,0.0,0.4250000000000001,0.6625000000000001,,3.0
2024-04-06,perfect_foresight_upper_bound,26,0.5,0.0,0.6625000000000001,0.9,,3.0
2024-04-06,perfect_foresight_upper_bound,27,0.0,-0.0,0.9,0.9,,5.27
2024-04-06,perfect_foresight_upper_bound,28,0.0,-0.0,0.9,0.9,,7.3
2024-04-06,perfect_foresight_upper_bound,29,0.0,-0.0,0.9,0.9,,7.92
2024-04-06,perfect_foresight_upper_bound,30,0.0,-0.0,0.9,0.9,,8.78
2024-04-06,perfect_foresight_upper_bound,31,0.0,-0.0,0.9,0.9,,9.14
2024-04-06,perfect_foresight_upper_bound,32,0.0,0.0,0.9,0.9,,9.73
2024-04-06,perfect_foresight_upper_bound,33,-0.0,0.0,0.9,0.9,,9.67
2024-04-06,perfect_foresight_upper_bound,34,-0.0,0.0,0.9,0.9,,10.46
2024-04-06,perfect_foresight_upper_bound,35,0.0,0.0,0.9,0.9,,10.63
2024-04-06,perfect_foresight_upper_bound,36,0.0,0.0,0.9,0.9,,11.95
2024-04-06,perfect_foresight_upper_bound,37,0.0,0.5,0.9,0.6368421052631579,,12.85
2024-04-06,perfect_foresight_upper_bound,38,0.0,0.5,0.6368421052631579,0.3736842105263158,,13.47
2024-04-06,perfect_foresight_upper_bound,39,0.0,0.5,0.3736842105263158,0.1105263157894737,,12.65
2024-04-06,perfect_foresight_upper_bound,40,0.0,0.02000000000000001,0.1105263157894737,0.1,,12.55
2024-04-06,perfect_foresight_upper_bound,41,0.0,-0.0,0.1,0.1,,12.0
2024-04-06,perfect_foresight_upper_bound,42,0.0,-0.0,0.1,0.1,,11.58
2024-04-06,perfect_foresight_upper_bound,43,0.0,0.0,0.1,0.1,,11.33
2024-04-06,perfect_foresight_upper_bound,44,0.0,0.0,0.1,0.1,,10.46
2024-04-06,perfect_foresight_upper_bound,45,0.0,0.0,0.1,0.1,,10.62
2024-04-06,perfect_foresight_upper_bound,46,0.34210526315789475,0.0,0.1,0.2625,,10.19
2024-04-06,perfect_foresight_upper_bound,47,0.0,0.0,0.2625,0.2625,,10.22
2024-04-06,perfect_foresight_upper_bound,48,0.5,0.0,0.2625,0.5,,9.52
2024-04-07,perfect_foresight_upper_bound,1,0.0,0.25999999999999995,0.5,0.3631578947368421,,10.96
2024-04-07,perfect_foresight_upper_bound,2,0.0,0.0,0.3631578947368421,0.3631578947368421,,10.23
2024-04-07,perfect_foresight_upper_bound,3,0.0,0.0,0.3631578947368421,0.3631578947368421,,10.11
2024-04-07,perfect_foresight_upper_bound,4,0.0,0.0,0.3631578947368421,0.3631578947368421,,9.98
2024-04-07,perfect_foresight_upper_bound,5,0.0,0.0,0.3631578947368421,0.3631578947368421,,10.16
2024-04-07,perfect_foresight_upper_bound,6,0.0,0.0,0.3631578947368421,0.3631578947368421,,10.3
2024-04-07,perfect_foresight_upper_bound,7,0.0,0.0,0.3631578947368421,0.3631578947368421,,10.41
2024-04-07,perfect_foresight_upper_bound,8,0.0,0.5,0.3631578947368421,0.1,,11.01
2024-04-07,perfect_foresight_upper_bound,9,0.0,0.0,0.1,0.1,,10.5
2024-04-07,perfect_foresight_upper_bound,10,0.0,0.0,0.1,0.1,,10.52
2024-04-07,perfect_foresight_upper_bound,11,0.0,0.0,0.1,0.1,,10.45
2024-04-07,perfect_foresight_upper_bound,12,0.0,0.0,0.1,0.1,,10.19
2024-04-07,perfect_foresight_upper_bound,13,0.0,0.0,0.1,0.1,,9.88
2024-04-07,perfect_foresight_upper_bound,14,-0.0,0.0,0.1,0.1,,9.85
2024-04-07,perfect_foresight_upper_bound,15,0.0,-0.0,0.1,0.1,,8.95
2024-04-07,perfect_foresight_upper_bound,16,-0.0,0.0,0.1,0.1,,7.88
2024-04-07,perfect_foresight_upper_bound,17,0.0,0.0,0.1,0.1,,8.12
2024-04-07,perfect_foresight_upper_bound,18,0.0,-0.0,0.1,0.1,,7.3
2024-04-07,perfect_foresight_upper_bound,19,0.0,-0.0,0.1,0.1,,5.4
2024-04-07,perfect_foresight_upper_bound,20,-0.0,0.0,0.1,0.1,,3.01
2024-04-07,perfect_foresight_upper_bound,21,-0.0,0.0,0.1,0.09999999999999991,,0.01
2024-04-07,perfect_foresight_upper_bound,22,-0.0,0.0,0.09999999999999991,0.10000000000000014,,0.01
2024-04-07,perfect_foresight_upper_bound,23,0.0,0.0,0.10000000000000014,0.10000000000000014,,0.01
2024-04-07,perfect_foresight_upper_bound,24,0.1842105263157894,0.0,0.10000000000000014,0.1875000000000001,,0.01
2024-04-07,perfect_foresight_upper_bound,25,-0.0,0.0,0.1875000000000001,0.1875000000000001,,0.01
2024-04-07,perfect_foresight_upper_bound,26,0.5,0.0,0.1875000000000001,0.4250000000000001,,0.01
2024-04-07,perfect_foresight_upper_bound,27,0.5,0.0,0.4250000000000001,0.6625000000000001,,0.01
2024-04-07,perfect_foresight_upper_bound,28,0.5,0.0,0.6625000000000001,0.9,,0.01
2024-04-07,perfect_foresight_upper_bound,29,0.0,-0.0,0.9,0.9,,0.03
2024-04-07,perfect_foresight_upper_bound,30,0.0,-0.0,0.9,0.9,,1.0
2024-04-07,perfect_foresight_upper_bound,31,0.0,-0.0,0.9,0.9,,3.0
2024-04-07,perfect_foresight_upper_bound,32,0.0,-0.0,0.9,0.9,,7.61
2024-04-07,perfect_foresight_upper_bound,33,0.0,-0.0,0.9,0.9,,8.51
2024-04-07,perfect_foresight_upper_bound,34,0.0,-0.0,0.9,0.9,,9.24
2024-04-07,perfect_foresight_upper_bound,35,-0.0,0.0,0.9,0.9,,10.03
2024-04-07,perfect_foresight_upper_bound,36,0.0,-0.0,0.9,0.9,,11.95
2024-04-07,perfect_foresight_upper_bound,37,0.0,0.5,0.9,0.6368421052631579,,13.4
2024-04-07,perfect_foresight_upper_bound,38,0.0,0.5,0.6368421052631579,0.3736842105263158,,12.85
2024-04-07,perfect_foresight_upper_bound,39,0.0,0.5,0.3736842105263158,0.1105263157894737,,13.0
2024-04-07,perfect_foresight_upper_bound,40,0.0,0.02000000000000001,0.1105263157894737,0.1,,12.8
2024-04-07,perfect_foresight_upper_bound,41,0.0,0.0,0.1,0.1,,12.49
2024-04-07,perfect_foresight_upper_bound,42,0.0,0.0,0.1,0.1,,11.59
2024-04-07,perfect_foresight_upper_bound,43,0.0,0.0,0.1,0.1,,12.55
2024-04-07,perfect_foresight_upper_bound,44,-0.0,0.0,0.1,0.1,,11.54
2024-04-07,perfect_foresight_upper_bound,45,0.0,0.0,0.1,0.1,,10.26
2024-04-07,perfect_foresight_upper_bound,46,0.0,0.0,0.1,0.1,,9.96
2024-04-07,perfect_foresight_upper_bound,47,0.34210526315789475,0.0,0.1,0.2625,,9.95
2024-04-07,perfect_foresight_upper_bound,48,0.5,0.0,0.2625,0.5,,9.5
