date,lear_forecast,naive_forecast,no_operation,perfect_foresight_upper_bound
2024-04-01,203299.0188885042,172498.1583795014,0.0,235904.99619113575
2024-05-01,227687.68815789474,179531.01698407205,0.0,271481.59702216065
2024-06-01,174772.96461218837,139309.72628116343,0.0,203780.92709487534
2024-07-01,204010.54492728534,178342.13441828254,0.0,246405.2850069252
2024-08-01,168388.35453601106,161306.23476454295,0.0,201535.7737361496
2024-09-01,210741.45379155123,207558.23540512467,0.0,238275.57519044323
2024-10-01,209035.45029432134,183230.50278739614,0.0,241414.8930228532
2024-11-01,211175.7109937673,176566.7916204986,0.0,229525.55264889196
2024-12-01,234355.6998788089,211983.20190443215,0.0,260005.67375346262
2025-01-01,224923.06322714683,210598.33763850416,0.0,249359.765166205
2025-02-01,229686.1197887812,215707.4868767313,0.0,247471.54058171748
2025-03-01,234013.23956024932,196638.52363227148,0.0,274564.0379501385
