scenario,strategy,total_realized_revenue_jpy,total_market_revenue_jpy,total_degradation_cost_jpy,average_daily_revenue_jpy,median_daily_revenue_jpy,std_daily_revenue_jpy,positive_revenue_days,negative_revenue_days,zero_revenue_days,maximum_daily_profit_jpy,maximum_daily_loss_jpy,best_day,worst_day,total_charged_mwh,total_discharged_mwh,charging_intervals,discharging_intervals
base,no_operation,0.0,0.0,0.0,0.0,0.0,0.0,0,0,365,0.0,0.0,2024-04-01,2024-04-01,0.0,0.0,0,0
base,naive_forecast,2233270.350692521,2233270.350692521,0.0,6118.548906006907,6033.363157894739,3343.107063240026,357,8,0,16173.157894736847,-5053.045360110803,2024-08-30,2024-05-29,566.384349030471,511.16187499999995,2654,2601
base,lear_forecast,2532089.30865651,2532089.30865651,0.0,6937.230982620576,6947.068421052629,3098.1430746632786,363,2,0,17769.45657894737,-957.6315789473662,2024-09-19,2024-11-02,551.3531855955678,497.59625,2581,2546
base,perfect_foresight_upper_bound,2899725.617364959,2899725.617364959,0.0,7944.453746205367,7826.505263157892,3182.3391977372166,365,0,0,21476.68914473684,0.0,2024-08-30,2024-05-31,566.463296398892,511.233125,2654,2602
rte_80,no_operation,0.0,0.0,0.0,0.0,0.0,0.0,0,0,365,0.0,0.0,2024-04-01,2024-04-01,0.0,0.0,0,0
rte_80,naive_forecast,1559952.642761347,1559952.642761347,0.0,4273.842856880402,3829.551638862898,3177.6400777062145,338,26,1,14276.714059896227,-5830.479294259087,2024-08-30,2024-05-29,468.9588767364621,375.1671013891696,2092,1722
rte_80,lear_forecast,1858224.4972595656,1858224.4972595656,0.0,5091.026019889221,4860.884040188732,3050.9075659145565,355,10,0,16239.054949273772,-2723.6849891817656,2024-09-19,2024-11-02,465.58515347796157,372.46812278236916,2073,1739
rte_80,perfect_foresight_upper_bound,2186936.9146588333,2186936.9146588333,0.0,5991.607985366667,5534.7901475865965,3027.1859881400833,364,0,1,17199.788403434803,0.0,2025-03-04,2024-05-31,468.7810903319621,375.02487226556957,2091,1722
rte_90,no_operation,0.0,0.0,0.0,0.0,0.0,0.0,0,0,365,0.0,0.0,2024-04-01,2024-04-01,0.0,0.0,0,0
rte_90,naive_forecast,2213350.154650731,2213350.154650731,0.0,6063.973026440359,5929.60686830337,3351.0759437101365,357,8,0,16132.420107709378,-5076.119883036717,2024-08-30,2024-05-29,561.7525022100153,505.57725198901375,2630,2571
rte_90,lear_forecast,2514520.67613435,2514520.67613435,0.0,6889.097742833835,6888.1875003023615,3092.7898833324425,363,2,0,17693.102699297193,-998.6277810217148,2024-09-19,2024-11-02,547.9820201796899,493.1838181617209,2564,2526
rte_90,perfect_foresight_upper_bound,2881165.490582196,2881165.490582196,0.0,7893.604083786839,7764.592866468073,3177.741795315183,365,0,0,21364.456661471024,0.0,2024-08-30,2024-05-31,561.8308651886596,505.6477786697936,2630,2572
rte_95,no_operation,0.0,0.0,0.0,0.0,0.0,0.0,0,0,365,0.0,0.0,2024-04-01,2024-04-01,0.0,0.0,0,0
rte_95,naive_forecast,2586421.3586008605,2586421.3586008605,0.0,7086.08591397496,6946.468913312916,3339.520405664979,359,6,0,19057.937456093732,-1549.0459944523386,2024-09-19,2024-06-29,677.2131998539078,643.3525398612122,3204,3161
rte_95,lear_forecast,2857954.1363753797,2857954.1363753797,0.0,7830.011332535287,7889.0206597552615,3174.575570584247,364,1,0,19548.25268506521,-240.8809659351916,2024-09-19,2024-11-02,649.3348585747366,616.8681156459996,3116,3045
rte_95,perfect_foresight_upper_bound,3277897.6445373483,3277897.6445373483,0.0,8980.541491883147,8967.359616460764,3283.8158047183756,365,0,0,23589.670931835295,0.0,2024-08-30,2024-05-31,677.4763577486447,643.6025398612122,3205,3162
cost_1,no_operation,0.0,0.0,0.0,0.0,0.0,0.0,0,0,365,0.0,0.0,2024-04-01,2024-04-01,0.0,0.0,0,0
cost_1,naive_forecast,1397446.4636253463,2175542.6132098343,778096.1495844875,3828.62044828862,3456.4526315789453,3127.696529117923,330,33,2,14754.757894736844,-7374.37302631579,2024-09-19,2024-05-29,408.9861495844875,369.11,1929,1881
cost_1,lear_forecast,1664676.7931959834,2444713.650882964,780036.8576869806,4560.7583375232425,4342.105263157894,3015.390632916311,349,16,0,16917.126315789465,-3675.015789473684,2024-09-19,2025-03-03,410.00623268698064,370.030625,1933,1917
cost_1,perfect_foresight_upper_bound,1996343.8708275626,2773964.39541205,777620.5245844875,5469.435262541268,5083.773684210526,3009.1600047167467,363,0,2,18130.208881578943,0.0,2024-08-30,2024-05-31,408.7361495844875,368.88437500000003,1928,1880
cost_3,no_operation,0.0,0.0,0.0,0.0,0.0,0.0,0,0,365,0.0,0.0,2024-04-01,2024-04-01,0.0,0.0,0,0
cost_3,naive_forecast,288673.10550554015,1543809.272403047,1255136.1668975072,790.8852205631237,88.69999999999709,2618.900602951696,190,126,49,11550.547368421056,-9423.92105263158,2024-09-19,2024-05-29,219.909972299169,198.46874999999997,1033,1026
cost_3,lear_forecast,475748.51589335175,1760722.5757963988,1284974.0599030473,1303.420591488635,826.1937500000001,2448.7296854950205,249,111,5,13712.915789473676,-5000.242105263159,2024-09-19,2025-03-16,225.13781163434905,203.186875,1036,1089
cost_3,perfect_foresight_upper_bound,828854.1616516621,2082037.7627596953,1253183.6011080334,2270.8333195935948,1395.8894736842121,2434.303610859888,316,0,49,14234.605263157891,0.0,2024-09-19,2024-04-08,219.56786703601108,198.16,1031,1025
