date,model,mae
2024-04-01,naive_previous_day,1.3833333333333335
2024-04-02,naive_previous_day,1.3939583333333332
2024-04-03,naive_previous_day,3.8387499999999997
2024-04-04,naive_previous_day,2.4025000000000003
2024-04-05,naive_previous_day,0.5972916666666668
2024-04-06,naive_previous_day,1.5070833333333333
2024-04-07,naive_previous_day,2.174375
2024-04-08,naive_previous_day,3.6185416666666668
2024-04-09,naive_previous_day,0.9497916666666667
2024-04-10,naive_previous_day,4.285208333333333
2024-04-11,naive_previous_day,3.063333333333334
2024-04-12,naive_previous_day,1.4312499999999997
2024-04-13,naive_previous_day,2.614166666666667
2024-04-14,naive_previous_day,1.1035416666666666
2024-04-15,naive_previous_day,2.7470833333333338
2024-04-16,naive_previous_day,1.8227083333333336
2024-04-17,naive_previous_day,2.2645833333333334
2024-04-18,naive_previous_day,1.2258333333333333
2024-04-19,naive_previous_day,2.259791666666667
2024-04-20,naive_previous_day,0.8908333333333335
2024-04-21,naive_previous_day,2.361666666666667
2024-04-22,naive_previous_day,1.9435416666666665
2024-04-23,naive_previous_day,0.4572916666666667
2024-04-24,naive_previous_day,0.6660416666666668
2024-04-25,naive_previous_day,3.3974999999999995
2024-04-26,naive_previous_day,1.6127083333333332
2024-04-27,naive_previous_day,1.8885416666666668
2024-04-28,naive_previous_day,4.325208333333333
2024-04-29,naive_previous_day,2.6258333333333335
2024-04-30,naive_previous_day,2.3129166666666667
2024-05-01,naive_previous_day,1.013125
2024-05-02,naive_previous_day,4.036874999999999
2024-05-03,naive_previous_day,2.1814583333333335
2024-05-04,naive_previous_day,0.5910416666666668
2024-05-05,naive_previous_day,0.5866666666666668
2024-05-06,naive_previous_day,4.121250000000001
2024-05-07,naive_previous_day,1.1639583333333332
2024-05-08,naive_previous_day,1.2102083333333333
2024-05-09,naive_previous_day,2.9812500000000006
2024-05-10,naive_previous_day,1.4454166666666668
2024-05-11,naive_previous_day,1.0260416666666667
2024-05-12,naive_previous_day,3.5731250000000006
2024-05-13,naive_previous_day,2.4291666666666667
2024-05-14,naive_previous_day,4.314375
2024-05-15,naive_previous_day,1.5699999999999996
2024-05-16,naive_previous_day,1.0439583333333335
2024-05-17,naive_previous_day,1.4372916666666669
2024-05-18,naive_previous_day,2.0741666666666667
2024-05-19,naive_previous_day,2.2293749999999997
2024-05-20,naive_previous_day,3.2685416666666662
2024-05-21,naive_previous_day,1.340625
2024-05-22,naive_previous_day,1.0414583333333334
2024-05-23,naive_previous_day,2.2310416666666666
2024-05-24,naive_previous_day,1.9183333333333332
2024-05-25,naive_previous_day,4.415
2024-05-26,naive_previous_day,0.43437499999999996
2024-05-27,naive_previous_day,6.276458333333333
2024-05-28,naive_previous_day,2.374375
2024-05-29,naive_previous_day,6.557291666666667
2024-05-30,naive_previous_day,2.771875
2024-05-31,naive_previous_day,1.5335416666666664
2024-06-01,naive_previous_day,4.631458333333334
2024-06-02,naive_previous_day,0.4762500000000001
2024-06-03,naive_previous_day,2.6950000000000003
2024-06-04,naive_previous_day,0.5658333333333335
2024-06-05,naive_previous_day,1.3164583333333335
2024-06-06,naive_previous_day,2.2470833333333333
2024-06-07,naive_previous_day,0.7752083333333332
2024-06-08,naive_previous_day,2.956666666666667
2024-06-09,naive_previous_day,2.9620833333333336
2024-06-10,naive_previous_day,1.1679166666666667
2024-06-11,naive_previous_day,1.229791666666667
2024-06-12,naive_previous_day,0.8206249999999997
2024-06-13,naive_previous_day,1.3058333333333334
2024-06-14,naive_previous_day,0.8385416666666666
2024-06-15,naive_previous_day,1.9535416666666663
2024-06-16,naive_previous_day,2.1241666666666665
2024-06-17,naive_previous_day,3.5441666666666674
2024-06-18,naive_previous_day,1.883125
2024-06-19,naive_previous_day,2.4066666666666667
2024-06-20,naive_previous_day,1.8904166666666662
2024-06-21,naive_previous_day,1.2797916666666669
2024-06-22,naive_previous_day,2.0770833333333334
2024-06-23,naive_previous_day,1.8770833333333332
2024-06-24,naive_previous_day,1.5845833333333335
2024-06-25,naive_previous_day,1.1727083333333335
2024-06-26,naive_previous_day,1.4014583333333335
2024-06-27,naive_previous_day,0.6933333333333335
2024-06-28,naive_previous_day,1.0747916666666668
2024-06-29,naive_previous_day,3.7589583333333336
2024-06-30,naive_previous_day,2.263541666666667
2024-07-01,naive_previous_day,2.8945833333333333
2024-07-02,naive_previous_day,2.0818749999999997
2024-07-03,naive_previous_day,1.4225
2024-07-04,naive_previous_day,1.1181249999999998
2024-07-05,naive_previous_day,0.5368750000000001
2024-07-06,naive_previous_day,2.291041666666667
2024-07-07,naive_previous_day,1.4677083333333336
2024-07-08,naive_previous_day,4.353958333333333
2024-07-09,naive_previous_day,2.59625
2024-07-10,naive_previous_day,1.1860416666666664
2024-07-11,naive_previous_day,3.7145833333333336
2024-07-12,naive_previous_day,2.9647916666666667
2024-07-13,naive_previous_day,2.0772916666666665
2024-07-14,naive_previous_day,0.6160416666666666
2024-07-15,naive_previous_day,0.7791666666666668
2024-07-16,naive_previous_day,0.7979166666666667
2024-07-17,naive_previous_day,0.6645833333333333
2024-07-18,naive_previous_day,1.4762499999999996
2024-07-19,naive_previous_day,1.7597916666666666
2024-07-20,naive_previous_day,2.5258333333333334
2024-07-21,naive_previous_day,1.3291666666666664
2024-07-22,naive_previous_day,4.136875
2024-07-23,naive_previous_day,1.4235416666666663
2024-07-24,naive_previous_day,2.459375
2024-07-25,naive_previous_day,1.620833333333333
2024-07-26,naive_previous_day,0.9685416666666667
2024-07-27,naive_previous_day,2.755416666666667
2024-07-28,naive_previous_day,1.4124999999999999
2024-07-29,naive_previous_day,3.1629166666666664
2024-07-30,naive_previous_day,1.5066666666666668
2024-07-31,naive_previous_day,1.3006250000000001
2024-08-01,naive_previous_day,0.6860416666666665
2024-08-02,naive_previous_day,1.2620833333333337
2024-08-03,naive_previous_day,2.01
2024-08-04,naive_previous_day,0.38791666666666663
2024-08-05,naive_previous_day,2.5500000000000003
2024-08-06,naive_previous_day,1.3072916666666667
2024-08-07,naive_previous_day,1.487708333333333
2024-08-08,naive_previous_day,1.0889583333333335
2024-08-09,naive_previous_day,0.6824999999999998
2024-08-10,naive_previous_day,2.3737500000000002
2024-08-11,naive_previous_day,0.7462499999999999
2024-08-12,naive_previous_day,0.5479166666666666
2024-08-13,naive_previous_day,0.42208333333333314
2024-08-14,naive_previous_day,0.5004166666666665
2024-08-15,naive_previous_day,0.3558333333333333
2024-08-16,naive_previous_day,0.8429166666666669
2024-08-17,naive_previous_day,1.24625
2024-08-18,naive_previous_day,0.9260416666666665
2024-08-19,naive_previous_day,3.2433333333333336
2024-08-20,naive_previous_day,0.8895833333333334
2024-08-21,naive_previous_day,1.4466666666666665
2024-08-22,naive_previous_day,1.391041666666667
2024-08-23,naive_previous_day,1.2750000000000001
2024-08-24,naive_previous_day,2.377708333333333
2024-08-25,naive_previous_day,1.2466666666666666
2024-08-26,naive_previous_day,2.6777083333333334
2024-08-27,naive_previous_day,1.563125
2024-08-28,naive_previous_day,0.9635416666666666
2024-08-29,naive_previous_day,1.12625
2024-08-30,naive_previous_day,2.9910416666666664
2024-08-31,naive_previous_day,6.025208333333334
2024-09-01,naive_previous_day,2.0260416666666665
2024-09-02,naive_previous_day,1.694375
2024-09-03,naive_previous_day,1.0354166666666667
2024-09-04,naive_previous_day,1.075
2024-09-05,naive_previous_day,0.6054166666666667
2024-09-06,naive_previous_day,0.5729166666666667
2024-09-07,naive_previous_day,1.5560416666666665
2024-09-08,naive_previous_day,0.79
2024-09-09,naive_previous_day,4.445416666666667
2024-09-10,naive_previous_day,1.8104166666666668
2024-09-11,naive_previous_day,1.6552083333333336
2024-09-12,naive_previous_day,1.5981250000000002
2024-09-13,naive_previous_day,0.6199999999999998
2024-09-14,naive_previous_day,3.669166666666666
2024-09-15,naive_previous_day,1.2270833333333335
2024-09-16,naive_previous_day,0.9974999999999999
2024-09-17,naive_previous_day,3.4683333333333337
2024-09-18,naive_previous_day,1.1864583333333336
2024-09-19,naive_previous_day,1.2497916666666662
2024-09-20,naive_previous_day,1.5793749999999998
2024-09-21,naive_previous_day,3.643333333333333
2024-09-22,naive_previous_day,3.365625
2024-09-23,naive_previous_day,1.9252083333333336
2024-09-24,naive_previous_day,1.2452083333333335
2024-09-25,naive_previous_day,0.9281249999999998
2024-09-26,naive_previous_day,1.0443750000000003
2024-09-27,naive_previous_day,1.4329166666666666
2024-09-28,naive_previous_day,1.8608333333333331
2024-09-29,naive_previous_day,0.7025000000000001
2024-09-30,naive_previous_day,1.373333333333333
2024-10-01,naive_previous_day,1.9791666666666667
2024-10-02,naive_previous_day,1.1956250000000002
2024-10-03,naive_previous_day,2.18375
2024-10-04,naive_previous_day,0.5625000000000001
2024-10-05,naive_previous_day,4.275833333333334
2024-10-06,naive_previous_day,1.2170833333333333
2024-10-07,naive_previous_day,3.611666666666667
2024-10-08,naive_previous_day,1.355416666666667
2024-10-09,naive_previous_day,2.1218749999999997
2024-10-10,naive_previous_day,1.0958333333333332
2024-10-11,naive_previous_day,0.9591666666666665
2024-10-12,naive_previous_day,1.9854166666666666
2024-10-13,naive_previous_day,0.8097916666666666
2024-10-14,naive_previous_day,2.639583333333334
2024-10-15,naive_previous_day,2.392916666666667
2024-10-16,naive_previous_day,1.7929166666666667
2024-10-17,naive_previous_day,2.0052083333333335
2024-10-18,naive_previous_day,1.5302083333333334
2024-10-19,naive_previous_day,2.7712499999999998
2024-10-20,naive_previous_day,4.275416666666666
2024-10-21,naive_previous_day,3.8247916666666666
2024-10-22,naive_previous_day,1.0397916666666667
2024-10-23,naive_previous_day,1.6345833333333337
2024-10-24,naive_previous_day,1.93375
2024-10-25,naive_previous_day,1.3212499999999998
2024-10-26,naive_previous_day,2.294166666666667
2024-10-27,naive_previous_day,1.1097916666666665
2024-10-28,naive_previous_day,2.3514583333333334
2024-10-29,naive_previous_day,1.3435416666666669
2024-10-30,naive_previous_day,2.064583333333333
2024-10-31,naive_previous_day,0.9820833333333333
2024-11-01,naive_previous_day,1.4808333333333337
2024-11-02,naive_previous_day,1.3502083333333335
2024-11-03,naive_previous_day,4.792708333333334
2024-11-04,naive_previous_day,1.87625
2024-11-05,naive_previous_day,2.3537500000000002
2024-11-06,naive_previous_day,0.9891666666666667
2024-11-07,naive_previous_day,0.9335416666666667
2024-11-08,naive_previous_day,1.0616666666666668
2024-11-09,naive_previous_day,1.3793750000000002
2024-11-10,naive_previous_day,1.2918749999999999
2024-11-11,naive_previous_day,2.0710416666666664
2024-11-12,naive_previous_day,0.8233333333333336
2024-11-13,naive_previous_day,0.9395833333333332
2024-11-14,naive_previous_day,1.489583333333333
2024-11-15,naive_previous_day,1.4895833333333337
2024-11-16,naive_previous_day,2.0275
2024-11-17,naive_previous_day,1.621041666666667
2024-11-18,naive_previous_day,2.3297916666666665
2024-11-19,naive_previous_day,2.515625
2024-11-20,naive_previous_day,1.3079166666666666
2024-11-21,naive_previous_day,1.3195833333333333
2024-11-22,naive_previous_day,1.6472916666666666
2024-11-23,naive_previous_day,0.7952083333333332
2024-11-24,naive_previous_day,0.9360416666666665
2024-11-25,naive_previous_day,2.1385416666666672
2024-11-26,naive_previous_day,3.4954166666666673
2024-11-27,naive_previous_day,2.9041666666666663
2024-11-28,naive_previous_day,0.4735416666666669
2024-11-29,naive_previous_day,1.3320833333333335
2024-11-30,naive_previous_day,1.0262499999999999
2024-12-01,naive_previous_day,3.0820833333333333
2024-12-02,naive_previous_day,3.064166666666667
2024-12-03,naive_previous_day,1.0889583333333333
2024-12-04,naive_previous_day,0.6716666666666667
2024-12-05,naive_previous_day,1.3429166666666668
2024-12-06,naive_previous_day,0.5612500000000001
2024-12-07,naive_previous_day,2.5881250000000002
2024-12-08,naive_previous_day,0.9310416666666667
2024-12-09,naive_previous_day,2.3697916666666665
2024-12-10,naive_previous_day,0.7943749999999999
2024-12-11,naive_previous_day,1.1391666666666667
2024-12-12,naive_previous_day,1.0533333333333335
2024-12-13,naive_previous_day,1.4193749999999998
2024-12-14,naive_previous_day,2.664375
2024-12-15,naive_previous_day,0.80125
2024-12-16,naive_previous_day,1.7447916666666667
2024-12-17,naive_previous_day,0.6185416666666667
2024-12-18,naive_previous_day,0.6975000000000001
2024-12-19,naive_previous_day,2.0929166666666665
2024-12-20,naive_previous_day,1.3260416666666666
2024-12-21,naive_previous_day,2.3714583333333334
2024-12-22,naive_previous_day,2.1356249999999997
2024-12-23,naive_previous_day,1.9795833333333335
2024-12-24,naive_previous_day,0.5354166666666665
2024-12-25,naive_previous_day,0.8808333333333334
2024-12-26,naive_previous_day,2.1808333333333336
2024-12-27,naive_previous_day,1.6304166666666664
2024-12-28,naive_previous_day,1.5908333333333333
2024-12-29,naive_previous_day,0.7247916666666666
2024-12-30,naive_previous_day,0.6635416666666667
2024-12-31,naive_previous_day,1.5537500000000002
2025-01-01,naive_previous_day,1.4125000000000003
2025-01-02,naive_previous_day,1.3135416666666666
2025-01-03,naive_previous_day,1.3564583333333333
2025-01-04,naive_previous_day,0.7777083333333334
2025-01-05,naive_previous_day,1.1945833333333333
2025-01-06,naive_previous_day,3.0141666666666667
2025-01-07,naive_previous_day,1.9781250000000001
2025-01-08,naive_previous_day,0.6827083333333333
2025-01-09,naive_previous_day,2.3358333333333334
2025-01-10,naive_previous_day,1.329375
2025-01-11,naive_previous_day,2.3614583333333337
2025-01-12,naive_previous_day,1.2104166666666665
2025-01-13,naive_previous_day,0.8608333333333333
2025-01-14,naive_previous_day,0.8974999999999996
2025-01-15,naive_previous_day,1.2014583333333333
2025-01-16,naive_previous_day,1.4491666666666667
2025-01-17,naive_previous_day,0.709375
2025-01-18,naive_previous_day,2.453125
2025-01-19,naive_previous_day,1.2720833333333335
2025-01-20,naive_previous_day,1.21625
2025-01-21,naive_previous_day,0.661875
2025-01-22,naive_previous_day,0.7512500000000001
2025-01-23,naive_previous_day,0.7122916666666667
2025-01-24,naive_previous_day,1.0208333333333335
2025-01-25,naive_previous_day,2.0362500000000003
2025-01-26,naive_previous_day,1.1835416666666667
2025-01-27,naive_previous_day,3.857291666666667
2025-01-28,naive_previous_day,1.0587499999999999
2025-01-29,naive_previous_day,0.5489583333333333
2025-01-30,naive_previous_day,0.6454166666666669
2025-01-31,naive_previous_day,0.7541666666666665
2025-02-01,naive_previous_day,1.1562499999999998
2025-02-02,naive_previous_day,1.0885416666666663
2025-02-03,naive_previous_day,1.0904166666666668
2025-02-04,naive_previous_day,1.8875
2025-02-05,naive_previous_day,2.325625
2025-02-06,naive_previous_day,0.6018749999999998
2025-02-07,naive_previous_day,1.083125
2025-02-08,naive_previous_day,1.9920833333333332
2025-02-09,naive_previous_day,2.445
2025-02-10,naive_previous_day,2.3266666666666667
2025-02-11,naive_previous_day,1.7554166666666664
2025-02-12,naive_previous_day,2.9922916666666666
2025-02-13,naive_previous_day,3.252083333333333
2025-02-14,naive_previous_day,1.8070833333333336
2025-02-15,naive_previous_day,1.4168749999999999
2025-02-16,naive_previous_day,1.6947916666666665
2025-02-17,naive_previous_day,3.0741666666666667
2025-02-18,naive_previous_day,2.3272916666666665
2025-02-19,naive_previous_day,1.0833333333333333
2025-02-20,naive_previous_day,1.1083333333333336
2025-02-21,naive_previous_day,0.6666666666666665
2025-02-22,naive_previous_day,0.8956249999999999
2025-02-23,naive_previous_day,2.292083333333333
2025-02-24,naive_previous_day,0.9658333333333333
2025-02-25,naive_previous_day,1.3620833333333335
2025-02-26,naive_previous_day,2.5054166666666666
2025-02-27,naive_previous_day,0.9550000000000002
2025-02-28,naive_previous_day,1.829791666666667
2025-03-01,naive_previous_day,2.960416666666667
2025-03-02,naive_previous_day,1.6289583333333333
2025-03-03,naive_previous_day,7.529583333333335
2025-03-04,naive_previous_day,3.7881249999999995
2025-03-05,naive_previous_day,2.8352083333333336
2025-03-06,naive_previous_day,2.5904166666666666
2025-03-07,naive_previous_day,1.8212500000000003
2025-03-08,naive_previous_day,1.7941666666666667
2025-03-09,naive_previous_day,4.754583333333334
2025-03-10,naive_previous_day,3.5210416666666666
2025-03-11,naive_previous_day,1.2620833333333332
2025-03-12,naive_previous_day,0.9820833333333335
2025-03-13,naive_previous_day,2.481666666666667
2025-03-14,naive_previous_day,2.686458333333333
2025-03-15,naive_previous_day,2.8141666666666674
2025-03-16,naive_previous_day,1.918333333333333
2025-03-17,naive_previous_day,2.4472916666666666
2025-03-18,naive_previous_day,1.124375
2025-03-19,naive_previous_day,1.7810416666666662
2025-03-20,naive_previous_day,3.7795833333333335
2025-03-21,naive_previous_day,1.9937500000000001
2025-03-22,naive_previous_day,2.575416666666667
2025-03-23,naive_previous_day,1.9375
2025-03-24,naive_previous_day,5.0529166666666665
2025-03-25,naive_previous_day,4.257499999999999
2025-03-26,naive_previous_day,0.7920833333333336
2025-03-27,naive_previous_day,2.65375
2025-03-28,naive_previous_day,1.099375
2025-03-29,naive_previous_day,1.6252083333333331
2025-03-30,naive_previous_day,1.904375
2025-03-31,naive_previous_day,3.4416666666666664
2024-04-01,naive_week,4.664583333333334
2024-04-02,naive_week,6.636666666666667
2024-04-03,naive_week,5.121458333333334
2024-04-04,naive_week,2.0158333333333336
2024-04-05,naive_week,2.0939583333333336
2024-04-06,naive_week,3.075416666666667
2024-04-07,naive_week,1.3260416666666666
2024-04-08,naive_week,3.9320833333333334
2024-04-09,naive_week,3.2358333333333333
2024-04-10,naive_week,5.045625
2024-04-11,naive_week,1.174375
2024-04-12,naive_week,1.1941666666666666
2024-04-13,naive_week,2.5904166666666666
2024-04-14,naive_week,1.6400000000000003
2024-04-15,naive_week,2.4189583333333338
2024-04-16,naive_week,1.2752083333333335
2024-04-17,naive_week,1.7929166666666667
2024-04-18,naive_week,2.1454166666666667
2024-04-19,naive_week,2.6768750000000003
2024-04-20,naive_week,1.1914583333333335
2024-04-21,naive_week,3.19375
2024-04-22,naive_week,2.450625
2024-04-23,naive_week,1.0002083333333334
2024-04-24,naive_week,3.408333333333333
2024-04-25,naive_week,1.5379166666666666
2024-04-26,naive_week,2.9670833333333335
2024-04-27,naive_week,3.7193750000000008
2024-04-28,naive_week,3.44875
2024-04-29,naive_week,2.581875
2024-04-30,naive_week,0.5358333333333335
2024-05-01,naive_week,0.7695833333333332
2024-05-02,naive_week,1.1947916666666665
2024-05-03,naive_week,3.8831249999999997
2024-05-04,naive_week,4.450208333333333
2024-05-05,naive_week,0.6454166666666667
2024-05-06,naive_week,1.6295833333333334
2024-05-07,naive_week,0.5264583333333334
2024-05-08,naive_week,1.6697916666666668
2024-05-09,naive_week,1.1008333333333333
2024-05-10,naive_week,1.2881250000000002
2024-05-11,naive_week,0.8885416666666667
2024-05-12,naive_week,3.544583333333333
2024-05-13,naive_week,1.9033333333333333
2024-05-14,naive_week,3.6841666666666666
2024-05-15,naive_week,1.8439583333333331
2024-05-16,naive_week,1.6762500000000002
2024-05-17,naive_week,1.3806250000000002
2024-05-18,naive_week,0.8275
2024-05-19,naive_week,1.8254166666666667
2024-05-20,naive_week,1.8239583333333336
2024-05-21,naive_week,1.9322916666666667
2024-05-22,naive_week,1.4275000000000002
2024-05-23,naive_week,3.462916666666667
2024-05-24,naive_week,2.767708333333333
2024-05-25,naive_week,0.5256249999999999
2024-05-26,naive_week,1.8185416666666667
2024-05-27,naive_week,2.297708333333333
2024-05-28,naive_week,5.269791666666666
2024-05-29,naive_week,2.461458333333333
2024-05-30,naive_week,2.1235416666666667
2024-05-31,naive_week,2.101666666666667
2024-06-01,naive_week,0.48270833333333335
2024-06-02,naive_week,0.5658333333333334
2024-06-03,naive_week,4.096041666666666
2024-06-04,naive_week,5.324583333333333
2024-06-05,naive_week,1.0741666666666667
2024-06-06,naive_week,0.821875
2024-06-07,naive_week,1.1789583333333333
2024-06-08,naive_week,0.8783333333333333
2024-06-09,naive_week,3.7720833333333332
2024-06-10,naive_week,1.7791666666666666
2024-06-11,naive_week,1.5531250000000003
2024-06-12,naive_week,3.378541666666667
2024-06-13,naive_week,2.3477083333333333
2024-06-14,naive_week,2.7964583333333333
2024-06-15,naive_week,3.875
2024-06-16,naive_week,2.6162500000000004
2024-06-17,naive_week,2.589583333333333
2024-06-18,naive_week,2.2704166666666663
2024-06-19,naive_week,1.4072916666666666
2024-06-20,naive_week,1.1935416666666665
2024-06-21,naive_week,2.955208333333333
2024-06-22,naive_week,2.1420833333333333
2024-06-23,naive_week,2.74625
2024-06-24,naive_week,1.564166666666667
2024-06-25,naive_week,1.0429166666666667
2024-06-26,naive_week,2.858125
2024-06-27,naive_week,1.3877083333333335
2024-06-28,naive_week,0.9314583333333335
2024-06-29,naive_week,2.5075
2024-06-30,naive_week,1.7752083333333333
2024-07-01,naive_week,1.474375
2024-07-02,naive_week,1.6835416666666667
2024-07-03,naive_week,1.8025000000000002
2024-07-04,naive_week,2.513541666666667
2024-07-05,naive_week,2.9960416666666667
2024-07-06,naive_week,3.506041666666667
2024-07-07,naive_week,2.9202083333333335
2024-07-08,naive_week,4.180416666666667
2024-07-09,naive_week,7.269375
2024-07-10,naive_week,6.2941666666666665
2024-07-11,naive_week,3.3643750000000003
2024-07-12,naive_week,2.6160416666666664
2024-07-13,naive_week,1.205625
2024-07-14,naive_week,2.716458333333333
2024-07-15,naive_week,5.2175
2024-07-16,naive_week,7.039583333333334
2024-07-17,naive_week,7.172291666666666
2024-07-18,naive_week,2.806041666666666
2024-07-19,naive_week,2.3664583333333336
2024-07-20,naive_week,1.9479166666666667
2024-07-21,naive_week,2.3277083333333333
2024-07-22,naive_week,5.210416666666667
2024-07-23,naive_week,6.122708333333333
2024-07-24,naive_week,6.015416666666667
2024-07-25,naive_week,3.3179166666666666
2024-07-26,naive_week,1.8704166666666666
2024-07-27,naive_week,1.4108333333333334
2024-07-28,naive_week,1.4304166666666667
2024-07-29,naive_week,1.5043750000000002
2024-07-30,naive_week,1.32625
2024-07-31,naive_week,2.585833333333334
2024-08-01,naive_week,2.2052083333333337
2024-08-02,naive_week,2.150833333333334
2024-08-03,naive_week,1.4262499999999996
2024-08-04,naive_week,1.4608333333333332
2024-08-05,naive_week,2.300416666666667
2024-08-06,naive_week,2.5985416666666667
2024-08-07,naive_week,2.110208333333333
2024-08-08,naive_week,1.6168750000000003
2024-08-09,naive_week,1.2222916666666666
2024-08-10,naive_week,0.7222916666666667
2024-08-11,naive_week,0.7618749999999999
2024-08-12,naive_week,2.0189583333333334
2024-08-13,naive_week,3.4212499999999992
2024-08-14,naive_week,2.4810416666666666
2024-08-15,naive_week,2.936666666666667
2024-08-16,naive_week,2.7912500000000002
2024-08-17,naive_week,0.791666666666667
2024-08-18,naive_week,0.849791666666667
2024-08-19,naive_week,3.1697916666666663
2024-08-20,naive_week,3.821875
2024-08-21,naive_week,2.8210416666666664
2024-08-22,naive_week,3.5654166666666662
2024-08-23,naive_week,3.0824999999999996
2024-08-24,naive_week,1.2856250000000002
2024-08-25,naive_week,1.9120833333333334
2024-08-26,naive_week,1.420208333333333
2024-08-27,naive_week,0.5037500000000001
2024-08-28,naive_week,1.2806250000000003
2024-08-29,naive_week,1.3137500000000002
2024-08-30,naive_week,4.089791666666667
2024-08-31,naive_week,0.9147916666666669
2024-09-01,naive_week,1.4725000000000001
2024-09-02,naive_week,1.1766666666666667
2024-09-03,naive_week,2.8827083333333334
2024-09-04,naive_week,3.54875
2024-09-05,naive_week,3.96625
2024-09-06,naive_week,6.371041666666666
2024-09-07,naive_week,1.7877083333333335
2024-09-08,naive_week,1.1008333333333333
2024-09-09,naive_week,1.9443750000000002
2024-09-10,naive_week,3.428125
2024-09-11,naive_week,6.126666666666668
2024-09-12,naive_week,4.705208333333332
2024-09-13,naive_week,4.492291666666667
2024-09-14,naive_week,2.1125000000000003
2024-09-15,naive_week,2.370416666666667
2024-09-16,naive_week,1.6537500000000005
2024-09-17,naive_week,1.5554166666666667
2024-09-18,naive_week,1.4595833333333335
2024-09-19,naive_week,2.5245833333333327
2024-09-20,naive_week,2.1952083333333334
2024-09-21,naive_week,1.9060416666666669
2024-09-22,naive_week,1.49875
2024-09-23,naive_week,4.231041666666667
2024-09-24,naive_week,6.7425
2024-09-25,naive_week,7.569166666666667
2024-09-26,naive_week,6.878333333333333
2024-09-27,naive_week,6.285208333333333
2024-09-28,naive_week,4.746458333333334
2024-09-29,naive_week,2.0795833333333333
2024-09-30,naive_week,1.159791666666667
2024-10-01,naive_week,2.0675000000000003
2024-10-02,naive_week,2.9412499999999997
2024-10-03,naive_week,3.8927083333333328
2024-10-04,naive_week,3.1289583333333333
2024-10-05,naive_week,0.9314583333333334
2024-10-06,naive_week,1.4027083333333332
2024-10-07,naive_week,3.322291666666666
2024-10-08,naive_week,2.380625
2024-10-09,naive_week,1.8831249999999997
2024-10-10,naive_week,4.558125
2024-10-11,naive_week,5.1156250000000005
2024-10-12,naive_week,2.877291666666667
2024-10-13,naive_week,3.06625
2024-10-14,naive_week,4.103750000000001
2024-10-15,naive_week,1.9645833333333336
2024-10-16,naive_week,2.7710416666666666
2024-10-17,naive_week,4.56
2024-10-18,naive_week,5.365208333333334
2024-10-19,naive_week,4.515625
2024-10-20,naive_week,0.9604166666666667
2024-10-21,naive_week,1.8722916666666665
2024-10-22,naive_week,0.9304166666666664
2024-10-23,naive_week,0.7524999999999998
2024-10-24,naive_week,2.6460416666666666
2024-10-25,naive_week,1.9462499999999998
2024-10-26,naive_week,1.3862500000000002
2024-10-27,naive_week,2.546041666666667
2024-10-28,naive_week,0.9714583333333332
2024-10-29,naive_week,1.0010416666666668
2024-10-30,naive_week,3.1177083333333333
2024-10-31,naive_week,2.0760416666666672
2024-11-01,naive_week,1.8397916666666667
2024-11-02,naive_week,1.4275
2024-11-03,naive_week,3.3212500000000005
2024-11-04,naive_week,3.453958333333333
2024-11-05,naive_week,2.214166666666667
2024-11-06,naive_week,1.1845833333333335
2024-11-07,naive_week,1.970625
2024-11-08,naive_week,2.1539583333333336
2024-11-09,naive_week,2.0335416666666664
2024-11-10,naive_week,2.923958333333333
2024-11-11,naive_week,2.580416666666667
2024-11-12,naive_week,0.9820833333333331
2024-11-13,naive_week,1.3229166666666667
2024-11-14,naive_week,1.1572916666666664
2024-11-15,naive_week,2.0460416666666665
2024-11-16,naive_week,1.124166666666667
2024-11-17,naive_week,0.6425000000000001
2024-11-18,naive_week,1.3237499999999998
2024-11-19,naive_week,3.8056249999999996
2024-11-20,naive_week,5.368541666666666
2024-11-21,naive_week,2.8710416666666667
2024-11-22,naive_week,1.7441666666666669
2024-11-23,naive_week,1.3435416666666662
2024-11-24,naive_week,1.6939583333333335
2024-11-25,naive_week,1.8318750000000001
2024-11-26,naive_week,2.3245833333333334
2024-11-27,naive_week,3.1116666666666664
2024-11-28,naive_week,2.292291666666667
2024-11-29,naive_week,1.96875
2024-11-30,naive_week,2.136458333333333
2024-12-01,naive_week,3.475
2024-12-02,naive_week,2.3839583333333336
2024-12-03,naive_week,4.71125
2024-12-04,naive_week,1.4245833333333333
2024-12-05,naive_week,1.172291666666667
2024-12-06,naive_week,1.435625
2024-12-07,naive_week,0.7508333333333334
2024-12-08,naive_week,1.7410416666666668
2024-12-09,naive_week,1.4833333333333332
2024-12-10,naive_week,1.1766666666666665
2024-12-11,naive_week,1.7829166666666667
2024-12-12,naive_week,0.8387500000000002
2024-12-13,naive_week,1.3697916666666667
2024-12-14,naive_week,1.2860416666666665
2024-12-15,naive_week,1.1933333333333336
2024-12-16,naive_week,1.0791666666666666
2024-12-17,naive_week,0.8124999999999997
2024-12-18,naive_week,0.9616666666666666
2024-12-19,naive_week,2.0466666666666664
2024-12-20,naive_week,1.1733333333333331
2024-12-21,naive_week,1.88875
2024-12-22,naive_week,0.955625
2024-12-23,naive_week,1.8324999999999998
2024-12-24,naive_week,1.8739583333333332
2024-12-25,naive_week,1.414375
2024-12-26,naive_week,2.861041666666667
2024-12-27,naive_week,3.4066666666666663
2024-12-28,naive_week,1.8643750000000001
2024-12-29,naive_week,1.4110416666666665
2024-12-30,naive_week,3.084166666666667
2024-12-31,naive_week,4.660833333333334
2025-01-01,naive_week,5.125416666666667
2025-01-02,naive_week,3.386458333333333
2025-01-03,naive_week,1.2420833333333332
2025-01-04,naive_week,1.2168750000000002
2025-01-05,naive_week,0.6479166666666668
2025-01-06,naive_week,3.844791666666666
2025-01-07,naive_week,3.8145833333333337
2025-01-08,naive_week,4.882291666666666
2025-01-09,naive_week,6.982083333333333
2025-01-10,naive_week,6.251666666666666
2025-01-11,naive_week,3.679583333333333
2025-01-12,naive_week,1.79375
2025-01-13,naive_week,2.544166666666666
2025-01-14,naive_week,0.5818750000000001
2025-01-15,naive_week,0.820208333333333
2025-01-16,naive_week,1.4439583333333337
2025-01-17,naive_week,1.6760416666666667
2025-01-18,naive_week,1.5235416666666663
2025-01-19,naive_week,1.6535416666666667
2025-01-20,naive_week,1.0372916666666667
2025-01-21,naive_week,1.1920833333333334
2025-01-22,naive_week,2.1035416666666666
2025-01-23,naive_week,4.001666666666666
2025-01-24,naive_week,4.069375
2025-01-25,naive_week,2.8333333333333335
2025-01-26,naive_week,2.645208333333333
2025-01-27,naive_week,1.3775000000000002
2025-01-28,naive_week,0.605625
2025-01-29,naive_week,1.1195833333333334
2025-01-30,naive_week,1.8810416666666672
2025-01-31,naive_week,2.755625
2025-02-01,naive_week,2.674375
2025-02-02,naive_week,3.0222916666666664
2025-02-03,naive_week,0.7925
2025-02-04,naive_week,1.4370833333333335
2025-02-05,naive_week,3.168333333333333
2025-02-06,naive_week,2.971041666666667
2025-02-07,naive_week,3.082916666666667
2025-02-08,naive_week,2.94
2025-02-09,naive_week,2.153958333333333
2025-02-10,naive_week,3.048125
2025-02-11,naive_week,2.020208333333333
2025-02-12,naive_week,2.0614583333333334
2025-02-13,naive_week,2.435833333333333
2025-02-14,naive_week,4.097708333333333
2025-02-15,naive_week,3.258333333333333
2025-02-16,naive_week,2.0939583333333336
2025-02-17,naive_week,1.827708333333333
2025-02-18,naive_week,1.64625
2025-02-19,naive_week,2.763541666666667
2025-02-20,naive_week,2.594375
2025-02-21,naive_week,3.471041666666667
2025-02-22,naive_week,3.574791666666666
2025-02-23,naive_week,2.563333333333334
2025-02-24,naive_week,1.967083333333333
2025-02-25,naive_week,2.2610416666666664
2025-02-26,naive_week,5.133541666666667
2025-02-27,naive_week,4.625625
2025-02-28,naive_week,3.6725
2025-03-01,naive_week,6.518541666666667
2025-03-02,naive_week,3.1875
2025-03-03,naive_week,5.88625
2025-03-04,naive_week,5.737708333333333
2025-03-05,naive_week,5.552083333333333
2025-03-06,naive_week,4.18375
2025-03-07,naive_week,2.747291666666667
2025-03-08,naive_week,4.930208333333334
2025-03-09,naive_week,2.2741666666666664
2025-03-10,naive_week,6.1989583333333345
2025-03-11,naive_week,5.663333333333334
2025-03-12,naive_week,4.6397916666666665
2025-03-13,naive_week,5.7022916666666665
2025-03-14,naive_week,6.324583333333334
2025-03-15,naive_week,3.4433333333333334
2025-03-16,naive_week,4.177499999999999
2025-03-17,naive_week,2.1395833333333334
2025-03-18,naive_week,1.3960416666666664
2025-03-19,naive_week,3.3404166666666666
2025-03-20,naive_week,2.611666666666667
2025-03-21,naive_week,2.0839583333333334
2025-03-22,naive_week,3.6860416666666667
2025-03-23,naive_week,7.108958333333334
2025-03-24,naive_week,2.861666666666667
2025-03-25,naive_week,8.021875
2025-03-26,naive_week,9.065
2025-03-27,naive_week,3.6383333333333336
2025-03-28,naive_week,3.192291666666667
2025-03-29,naive_week,2.7741666666666664
2025-03-30,naive_week,1.899791666666667
2025-03-31,naive_week,1.6756250000000001
2024-04-01,naive_weekday,4.664583333333334
2024-04-02,naive_weekday,1.3939583333333332
2024-04-03,naive_weekday,3.8387499999999997
2024-04-04,naive_weekday,2.4025000000000003
2024-04-05,naive_weekday,0.5972916666666668
2024-04-06,naive_weekday,3.075416666666667
2024-04-07,naive_weekday,1.3260416666666666
2024-04-08,naive_weekday,3.9320833333333334
2024-04-09,naive_weekday,0.9497916666666667
2024-04-10,naive_weekday,4.285208333333333
2024-04-11,naive_weekday,3.063333333333334
2024-04-12,naive_weekday,1.4312499999999997
2024-04-13,naive_weekday,2.5904166666666666
2024-04-14,naive_weekday,1.6400000000000003
2024-04-15,naive_weekday,2.4189583333333338
2024-04-16,naive_weekday,1.8227083333333336
2024-04-17,naive_weekday,2.2645833333333334
2024-04-18,naive_weekday,1.2258333333333333
2024-04-19,naive_weekday,2.259791666666667
2024-04-20,naive_weekday,1.1914583333333335
2024-04-21,naive_weekday,3.19375
2024-04-22,naive_weekday,2.450625
2024-04-23,naive_weekday,0.4572916666666667
2024-04-24,naive_weekday,0.6660416666666668
2024-04-25,naive_weekday,3.3974999999999995
2024-04-26,naive_weekday,1.6127083333333332
2024-04-27,naive_weekday,3.7193750000000008
2024-04-28,naive_weekday,3.44875
2024-04-29,naive_weekday,2.581875
2024-04-30,naive_weekday,2.3129166666666667
2024-05-01,naive_weekday,1.013125
2024-05-02,naive_weekday,4.036874999999999
2024-05-03,naive_weekday,2.1814583333333335
2024-05-04,naive_weekday,4.450208333333333
2024-05-05,naive_weekday,0.6454166666666667
2024-05-06,naive_weekday,1.6295833333333334
2024-05-07,naive_weekday,1.1639583333333332
2024-05-08,naive_weekday,1.2102083333333333
2024-05-09,naive_weekday,2.9812500000000006
2024-05-10,naive_weekday,1.4454166666666668
2024-05-11,naive_weekday,0.8885416666666667
2024-05-12,naive_weekday,3.544583333333333
2024-05-13,naive_weekday,1.9033333333333333
2024-05-14,naive_weekday,4.314375
2024-05-15,naive_weekday,1.5699999999999996
2024-05-16,naive_weekday,1.0439583333333335
2024-05-17,naive_weekday,1.4372916666666669
2024-05-18,naive_weekday,0.8275
2024-05-19,naive_weekday,1.8254166666666667
2024-05-20,naive_weekday,1.8239583333333336
2024-05-21,naive_weekday,1.340625
2024-05-22,naive_weekday,1.0414583333333334
2024-05-23,naive_weekday,2.2310416666666666
2024-05-24,naive_weekday,1.9183333333333332
2024-05-25,naive_weekday,0.5256249999999999
2024-05-26,naive_weekday,1.8185416666666667
2024-05-27,naive_weekday,2.297708333333333
2024-05-28,naive_weekday,2.374375
2024-05-29,naive_weekday,6.557291666666667
2024-05-30,naive_weekday,2.771875
2024-05-31,naive_weekday,1.5335416666666664
2024-06-01,naive_weekday,0.48270833333333335
2024-06-02,naive_weekday,0.5658333333333334
2024-06-03,naive_weekday,4.096041666666666
2024-06-04,naive_weekday,0.5658333333333335
2024-06-05,naive_weekday,1.3164583333333335
2024-06-06,naive_weekday,2.2470833333333333
2024-06-07,naive_weekday,0.7752083333333332
2024-06-08,naive_weekday,0.8783333333333333
2024-06-09,naive_weekday,3.7720833333333332
2024-06-10,naive_weekday,1.7791666666666666
2024-06-11,naive_weekday,1.229791666666667
2024-06-12,naive_weekday,0.8206249999999997
2024-06-13,naive_weekday,1.3058333333333334
2024-06-14,naive_weekday,0.8385416666666666
2024-06-15,naive_weekday,3.875
2024-06-16,naive_weekday,2.6162500000000004
2024-06-17,naive_weekday,2.589583333333333
2024-06-18,naive_weekday,1.883125
2024-06-19,naive_weekday,2.4066666666666667
2024-06-20,naive_weekday,1.8904166666666662
2024-06-21,naive_weekday,1.2797916666666669
2024-06-22,naive_weekday,2.1420833333333333
2024-06-23,naive_weekday,2.74625
2024-06-24,naive_weekday,1.564166666666667
2024-06-25,naive_weekday,1.1727083333333335
2024-06-26,naive_weekday,1.4014583333333335
2024-06-27,naive_weekday,0.6933333333333335
2024-06-28,naive_weekday,1.0747916666666668
2024-06-29,naive_weekday,2.5075
2024-06-30,naive_weekday,1.7752083333333333
2024-07-01,naive_weekday,1.474375
2024-07-02,naive_weekday,2.0818749999999997
2024-07-03,naive_weekday,1.4225
2024-07-04,naive_weekday,1.1181249999999998
2024-07-05,naive_weekday,0.5368750000000001
2024-07-06,naive_weekday,3.506041666666667
2024-07-07,naive_weekday,2.9202083333333335
2024-07-08,naive_weekday,4.180416666666667
2024-07-09,naive_weekday,2.59625
2024-07-10,naive_weekday,1.1860416666666664
2024-07-11,naive_weekday,3.7145833333333336
2024-07-12,naive_weekday,2.9647916666666667
2024-07-13,naive_weekday,1.205625
2024-07-14,naive_weekday,2.716458333333333
2024-07-15,naive_weekday,5.2175
2024-07-16,naive_weekday,0.7979166666666667
2024-07-17,naive_weekday,0.6645833333333333
2024-07-18,naive_weekday,1.4762499999999996
2024-07-19,naive_weekday,1.7597916666666666
2024-07-20,naive_weekday,1.9479166666666667
2024-07-21,naive_weekday,2.3277083333333333
2024-07-22,naive_weekday,5.210416666666667
2024-07-23,naive_weekday,1.4235416666666663
2024-07-24,naive_weekday,2.459375
2024-07-25,naive_weekday,1.620833333333333
2024-07-26,naive_weekday,0.9685416666666667
2024-07-27,naive_weekday,1.4108333333333334
2024-07-28,naive_weekday,1.4304166666666667
2024-07-29,naive_weekday,1.5043750000000002
2024-07-30,naive_weekday,1.5066666666666668
2024-07-31,naive_weekday,1.3006250000000001
2024-08-01,naive_weekday,0.6860416666666665
2024-08-02,naive_weekday,1.2620833333333337
2024-08-03,naive_weekday,1.4262499999999996
2024-08-04,naive_weekday,1.4608333333333332
2024-08-05,naive_weekday,2.300416666666667
2024-08-06,naive_weekday,1.3072916666666667
2024-08-07,naive_weekday,1.487708333333333
2024-08-08,naive_weekday,1.0889583333333335
2024-08-09,naive_weekday,0.6824999999999998
2024-08-10,naive_weekday,0.7222916666666667
2024-08-11,naive_weekday,0.7618749999999999
2024-08-12,naive_weekday,2.0189583333333334
2024-08-13,naive_weekday,0.42208333333333314
2024-08-14,naive_weekday,0.5004166666666665
2024-08-15,naive_weekday,0.3558333333333333
2024-08-16,naive_weekday,0.8429166666666669
2024-08-17,naive_weekday,0.791666666666667
2024-08-18,naive_weekday,0.849791666666667
2024-08-19,naive_weekday,3.1697916666666663
2024-08-20,naive_weekday,0.8895833333333334
2024-08-21,naive_weekday,1.4466666666666665
2024-08-22,naive_weekday,1.391041666666667
2024-08-23,naive_weekday,1.2750000000000001
2024-08-24,naive_weekday,1.2856250000000002
2024-08-25,naive_weekday,1.9120833333333334
2024-08-26,naive_weekday,1.420208333333333
2024-08-27,naive_weekday,1.563125
2024-08-28,naive_weekday,0.9635416666666666
2024-08-29,naive_weekday,1.12625
2024-08-30,naive_weekday,2.9910416666666664
2024-08-31,naive_weekday,0.9147916666666669
2024-09-01,naive_weekday,1.4725000000000001
2024-09-02,naive_weekday,1.1766666666666667
2024-09-03,naive_weekday,1.0354166666666667
2024-09-04,naive_weekday,1.075
2024-09-05,naive_weekday,0.6054166666666667
2024-09-06,naive_weekday,0.5729166666666667
2024-09-07,naive_weekday,1.7877083333333335
2024-09-08,naive_weekday,1.1008333333333333
2024-09-09,naive_weekday,1.9443750000000002
2024-09-10,naive_weekday,1.8104166666666668
2024-09-11,naive_weekday,1.6552083333333336
2024-09-12,naive_weekday,1.5981250000000002
2024-09-13,naive_weekday,0.6199999999999998
2024-09-14,naive_weekday,2.1125000000000003
2024-09-15,naive_weekday,2.370416666666667
2024-09-16,naive_weekday,1.6537500000000005
2024-09-17,naive_weekday,3.4683333333333337
2024-09-18,naive_weekday,1.1864583333333336
2024-09-19,naive_weekday,1.2497916666666662
2024-09-20,naive_weekday,1.5793749999999998
2024-09-21,naive_weekday,1.9060416666666669
2024-09-22,naive_weekday,1.49875
2024-09-23,naive_weekday,4.231041666666667
2024-09-24,naive_weekday,1.2452083333333335
2024-09-25,naive_weekday,0.9281249999999998
2024-09-26,naive_weekday,1.0443750000000003
2024-09-27,naive_weekday,1.4329166666666666
2024-09-28,naive_weekday,4.746458333333334
2024-09-29,naive_weekday,2.0795833333333333
2024-09-30,naive_weekday,1.159791666666667
2024-10-01,naive_weekday,1.9791666666666667
2024-10-02,naive_weekday,1.1956250000000002
2024-10-03,naive_weekday,2.18375
2024-10-04,naive_weekday,0.5625000000000001
2024-10-05,naive_weekday,0.9314583333333334
2024-10-06,naive_weekday,1.4027083333333332
2024-10-07,naive_weekday,3.322291666666666
2024-10-08,naive_weekday,1.355416666666667
2024-10-09,naive_weekday,2.1218749999999997
2024-10-10,naive_weekday,1.0958333333333332
2024-10-11,naive_weekday,0.9591666666666665
2024-10-12,naive_weekday,2.877291666666667
2024-10-13,naive_weekday,3.06625
2024-10-14,naive_weekday,4.103750000000001
2024-10-15,naive_weekday,2.392916666666667
2024-10-16,naive_weekday,1.7929166666666667
2024-10-17,naive_weekday,2.0052083333333335
2024-10-18,naive_weekday,1.5302083333333334
2024-10-19,naive_weekday,4.515625
2024-10-20,naive_weekday,0.9604166666666667
2024-10-21,naive_weekday,1.8722916666666665
2024-10-22,naive_weekday,1.0397916666666667
2024-10-23,naive_weekday,1.6345833333333337
2024-10-24,naive_weekday,1.93375
2024-10-25,naive_weekday,1.3212499999999998
2024-10-26,naive_weekday,1.3862500000000002
2024-10-27,naive_weekday,2.546041666666667
2024-10-28,naive_weekday,0.9714583333333332
2024-10-29,naive_weekday,1.3435416666666669
2024-10-30,naive_weekday,2.064583333333333
2024-10-31,naive_weekday,0.9820833333333333
2024-11-01,naive_weekday,1.4808333333333337
2024-11-02,naive_weekday,1.4275
2024-11-03,naive_weekday,3.3212500000000005
2024-11-04,naive_weekday,3.453958333333333
2024-11-05,naive_weekday,2.3537500000000002
2024-11-06,naive_weekday,0.9891666666666667
2024-11-07,naive_weekday,0.9335416666666667
2024-11-08,naive_weekday,1.0616666666666668
2024-11-09,naive_weekday,2.0335416666666664
2024-11-10,naive_weekday,2.923958333333333
2024-11-11,naive_weekday,2.580416666666667
2024-11-12,naive_weekday,0.8233333333333336
2024-11-13,naive_weekday,0.9395833333333332
2024-11-14,naive_weekday,1.489583333333333
2024-11-15,naive_weekday,1.4895833333333337
2024-11-16,naive_weekday,1.124166666666667
2024-11-17,naive_weekday,0.6425000000000001
2024-11-18,naive_weekday,1.3237499999999998
2024-11-19,naive_weekday,2.515625
2024-11-20,naive_weekday,1.3079166666666666
2024-11-21,naive_weekday,1.3195833333333333
2024-11-22,naive_weekday,1.6472916666666666
2024-11-23,naive_weekday,1.3435416666666662
2024-11-24,naive_weekday,1.6939583333333335
2024-11-25,naive_weekday,1.8318750000000001
2024-11-26,naive_weekday,3.4954166666666673
2024-11-27,naive_weekday,2.9041666666666663
2024-11-28,naive_weekday,0.4735416666666669
2024-11-29,naive_weekday,1.3320833333333335
2024-11-30,naive_weekday,2.136458333333333
2024-12-01,naive_weekday,3.475
2024-12-02,naive_weekday,2.3839583333333336
2024-12-03,naive_weekday,1.0889583333333333
2024-12-04,naive_weekday,0.6716666666666667
2024-12-05,naive_weekday,1.3429166666666668
2024-12-06,naive_weekday,0.5612500000000001
2024-12-07,naive_weekday,0.7508333333333334
2024-12-08,naive_weekday,1.7410416666666668
2024-12-09,naive_weekday,1.4833333333333332
2024-12-10,naive_weekday,0.7943749999999999
2024-12-11,naive_weekday,1.1391666666666667
2024-12-12,naive_weekday,1.0533333333333335
2024-12-13,naive_weekday,1.4193749999999998
2024-12-14,naive_weekday,1.2860416666666665
2024-12-15,naive_weekday,1.1933333333333336
2024-12-16,naive_weekday,1.0791666666666666
2024-12-17,naive_weekday,0.6185416666666667
2024-12-18,naive_weekday,0.6975000000000001
2024-12-19,naive_weekday,2.0929166666666665
2024-12-20,naive_weekday,1.3260416666666666
2024-12-21,naive_weekday,1.88875
2024-12-22,naive_weekday,0.955625
2024-12-23,naive_weekday,1.8324999999999998
2024-12-24,naive_weekday,0.5354166666666665
2024-12-25,naive_weekday,0.8808333333333334
2024-12-26,naive_weekday,2.1808333333333336
2024-12-27,naive_weekday,1.6304166666666664
2024-12-28,naive_weekday,1.8643750000000001
2024-12-29,naive_weekday,1.4110416666666665
2024-12-30,naive_weekday,3.084166666666667
2024-12-31,naive_weekday,1.5537500000000002
2025-01-01,naive_weekday,1.4125000000000003
2025-01-02,naive_weekday,1.3135416666666666
2025-01-03,naive_weekday,1.3564583333333333
2025-01-04,naive_weekday,1.2168750000000002
2025-01-05,naive_weekday,0.6479166666666668
2025-01-06,naive_weekday,3.844791666666666
2025-01-07,naive_weekday,1.9781250000000001
2025-01-08,naive_weekday,0.6827083333333333
2025-01-09,naive_weekday,2.3358333333333334
2025-01-10,naive_weekday,1.329375
2025-01-11,naive_weekday,3.679583333333333
2025-01-12,naive_weekday,1.79375
2025-01-13,naive_weekday,2.544166666666666
2025-01-14,naive_weekday,0.8974999999999996
2025-01-15,naive_weekday,1.2014583333333333
2025-01-16,naive_weekday,1.4491666666666667
2025-01-17,naive_weekday,0.709375
2025-01-18,naive_weekday,1.5235416666666663
2025-01-19,naive_weekday,1.6535416666666667
2025-01-20,naive_weekday,1.0372916666666667
2025-01-21,naive_weekday,0.661875
2025-01-22,naive_weekday,0.7512500000000001
2025-01-23,naive_weekday,0.7122916666666667
2025-01-24,naive_weekday,1.0208333333333335
2025-01-25,naive_weekday,2.8333333333333335
2025-01-26,naive_weekday,2.645208333333333
2025-01-27,naive_weekday,1.3775000000000002
2025-01-28,naive_weekday,1.0587499999999999
2025-01-29,naive_weekday,0.5489583333333333
2025-01-30,naive_weekday,0.6454166666666669
2025-01-31,naive_weekday,0.7541666666666665
2025-02-01,naive_weekday,2.674375
2025-02-02,naive_weekday,3.0222916666666664
2025-02-03,naive_weekday,0.7925
2025-02-04,naive_weekday,1.8875
2025-02-05,naive_weekday,2.325625
2025-02-06,naive_weekday,0.6018749999999998
2025-02-07,naive_weekday,1.083125
2025-02-08,naive_weekday,2.94
2025-02-09,naive_weekday,2.153958333333333
2025-02-10,naive_weekday,3.048125
2025-02-11,naive_weekday,1.7554166666666664
2025-02-12,naive_weekday,2.9922916666666666
2025-02-13,naive_weekday,3.252083333333333
2025-02-14,naive_weekday,1.8070833333333336
2025-02-15,naive_weekday,3.258333333333333
2025-02-16,naive_weekday,2.0939583333333336
2025-02-17,naive_weekday,1.827708333333333
2025-02-18,naive_weekday,2.3272916666666665
2025-02-19,naive_weekday,1.0833333333333333
2025-02-20,naive_weekday,1.1083333333333336
2025-02-21,naive_weekday,0.6666666666666665
2025-02-22,naive_weekday,3.574791666666666
2025-02-23,naive_weekday,2.563333333333334
2025-02-24,naive_weekday,1.967083333333333
2025-02-25,naive_weekday,1.3620833333333335
2025-02-26,naive_weekday,2.5054166666666666
2025-02-27,naive_weekday,0.9550000000000002
2025-02-28,naive_weekday,1.829791666666667
2025-03-01,naive_weekday,6.518541666666667
2025-03-02,naive_weekday,3.1875
2025-03-03,naive_weekday,5.88625
2025-03-04,naive_weekday,3.7881249999999995
2025-03-05,naive_weekday,2.8352083333333336
2025-03-06,naive_weekday,2.5904166666666666
2025-03-07,naive_weekday,1.8212500000000003
2025-03-08,naive_weekday,4.930208333333334
2025-03-09,naive_weekday,2.2741666666666664
2025-03-10,naive_weekday,6.1989583333333345
2025-03-11,naive_weekday,1.2620833333333332
2025-03-12,naive_weekday,0.9820833333333335
2025-03-13,naive_weekday,2.481666666666667
2025-03-14,naive_weekday,2.686458333333333
2025-03-15,naive_weekday,3.4433333333333334
2025-03-16,naive_weekday,4.177499999999999
2025-03-17,naive_weekday,2.1395833333333334
2025-03-18,naive_weekday,1.124375
2025-03-19,naive_weekday,1.7810416666666662
2025-03-20,naive_weekday,3.7795833333333335
2025-03-21,naive_weekday,1.9937500000000001
2025-03-22,naive_weekday,3.6860416666666667
2025-03-23,naive_weekday,7.108958333333334
2025-03-24,naive_weekday,2.861666666666667
2025-03-25,naive_weekday,4.257499999999999
2025-03-26,naive_weekday,0.7920833333333336
2025-03-27,naive_weekday,2.65375
2025-03-28,naive_weekday,1.099375
2025-03-29,naive_weekday,2.7741666666666664
2025-03-30,naive_weekday,1.899791666666667
2025-03-31,naive_weekday,1.6756250000000001
2024-04-01,lear_lasso,2.6857458964026146
2024-04-02,lear_lasso,0.7646990138862053
2024-04-03,lear_lasso,3.572851593613688
2024-04-04,lear_lasso,1.062916083532645
2024-04-05,lear_lasso,1.3697110614625565
2024-04-06,lear_lasso,1.8568628414237704
2024-04-07,lear_lasso,1.2144892824788356
2024-04-08,lear_lasso,1.462104369080394
2024-04-09,lear_lasso,1.1651841890798942
2024-04-10,lear_lasso,3.4762522034679346
2024-04-11,lear_lasso,1.3654654931373706
2024-04-12,lear_lasso,1.3436442174402166
2024-04-13,lear_lasso,1.5588573218137636
2024-04-14,lear_lasso,1.1013086520282949
2024-04-15,lear_lasso,1.0686773557134333
2024-04-16,lear_lasso,0.9973805493794209
2024-04-17,lear_lasso,1.7132265898594037
2024-04-18,lear_lasso,1.1325584782340428
2024-04-19,lear_lasso,2.536272670914583
2024-04-20,lear_lasso,1.3154926503188324
2024-04-21,lear_lasso,2.6223454212096162
2024-04-22,lear_lasso,0.8892511663020976
2024-04-23,lear_lasso,1.0231380132526546
2024-04-24,lear_lasso,1.8011779396210514
2024-04-25,lear_lasso,2.2332607533326
2024-04-26,lear_lasso,0.9435147567320601
2024-04-27,lear_lasso,2.5182658274187344
2024-04-28,lear_lasso,2.6401170290327745
2024-04-29,lear_lasso,1.4256756732331048
2024-04-30,lear_lasso,1.2381496254908637
2024-05-01,lear_lasso,1.7478368059408116
2024-05-02,lear_lasso,2.846963994340385
2024-05-03,lear_lasso,3.7602749011688394
2024-05-04,lear_lasso,1.0503465542290875
2024-05-05,lear_lasso,1.049273503864582
2024-05-06,lear_lasso,1.6879758108613112
2024-05-07,lear_lasso,1.5346861186837835
2024-05-08,lear_lasso,0.9684766737352701
2024-05-09,lear_lasso,2.16083216278651
2024-05-10,lear_lasso,1.8054104096470667
2024-05-11,lear_lasso,1.5664050725506613
2024-05-12,lear_lasso,3.3122022684557426
2024-05-13,lear_lasso,1.0420059209113124
2024-05-14,lear_lasso,2.9447777656238556
2024-05-15,lear_lasso,1.2904090508592214
2024-05-16,lear_lasso,1.2490306563994957
2024-05-17,lear_lasso,1.825980210353584
2024-05-18,lear_lasso,1.5091983239593958
2024-05-19,lear_lasso,2.004394347410854
2024-05-20,lear_lasso,1.4664942213552548
2024-05-21,lear_lasso,1.1557328649167877
2024-05-22,lear_lasso,0.8870660242821637
2024-05-23,lear_lasso,1.639453664969919
2024-05-24,lear_lasso,1.0244871031274976
2024-05-25,lear_lasso,2.423416416690578
2024-05-26,lear_lasso,0.5248452787205751
2024-05-27,lear_lasso,2.554925310792292
2024-05-28,lear_lasso,3.3451512154931273
2024-05-29,lear_lasso,3.9454564920555755
2024-05-30,lear_lasso,1.6510060751101034
2024-05-31,lear_lasso,1.8124197736146517
2024-06-01,lear_lasso,1.9653523397139692
2024-06-02,lear_lasso,0.7910464096057598
2024-06-03,lear_lasso,1.8723143198046828
2024-06-04,lear_lasso,1.1279169330561036
2024-06-05,lear_lasso,1.776138477665053
2024-06-06,lear_lasso,0.8553887958549637
2024-06-07,lear_lasso,0.6818816820910664
2024-06-08,lear_lasso,1.5144744678432376
2024-06-09,lear_lasso,2.9410191067014537
2024-06-10,lear_lasso,0.8128901138348366
2024-06-11,lear_lasso,1.1305490922355712
2024-06-12,lear_lasso,0.6435995680502292
2024-06-13,lear_lasso,0.9681454004084546
2024-06-14,lear_lasso,1.0358002273187665
2024-06-15,lear_lasso,1.5313461085477342
2024-06-16,lear_lasso,1.5488370875503492
2024-06-17,lear_lasso,1.0934047785248846
2024-06-18,lear_lasso,1.3491045275818934
2024-06-19,lear_lasso,1.6212050706564833
2024-06-20,lear_lasso,0.806436402892338
2024-06-21,lear_lasso,1.429753974538582
2024-06-22,lear_lasso,1.8888599495546725
2024-06-23,lear_lasso,2.490991996621841
2024-06-24,lear_lasso,0.8096570467803521
2024-06-25,lear_lasso,0.8250667986139485
2024-06-26,lear_lasso,1.768587318870804
2024-06-27,lear_lasso,0.8499861505758165
2024-06-28,lear_lasso,1.2770572417111175
2024-06-29,lear_lasso,1.9564502451455104
2024-06-30,lear_lasso,1.7902923701599331
2024-07-01,lear_lasso,1.2555954451298603
2024-07-02,lear_lasso,1.0998598172598684
2024-07-03,lear_lasso,1.472249348643038
2024-07-04,lear_lasso,1.396217500885658
2024-07-05,lear_lasso,0.8452766287130656
2024-07-06,lear_lasso,1.1766885092439756
2024-07-07,lear_lasso,1.8239528925206097
2024-07-08,lear_lasso,1.6829685601670423
2024-07-09,lear_lasso,2.3464025832548336
2024-07-10,lear_lasso,2.271968912791641
2024-07-11,lear_lasso,2.5569489137794217
2024-07-12,lear_lasso,1.9156735005038354
2024-07-13,lear_lasso,0.6777495384173088
2024-07-14,lear_lasso,1.7133168442384399
2024-07-15,lear_lasso,2.5450307708157056
2024-07-16,lear_lasso,2.035036593930911
2024-07-17,lear_lasso,1.3563695906388837
2024-07-18,lear_lasso,1.0958813838172186
2024-07-19,lear_lasso,1.7050786063526635
2024-07-20,lear_lasso,0.8584355680303405
2024-07-21,lear_lasso,1.3192344434412633
2024-07-22,lear_lasso,2.36377331912006
2024-07-23,lear_lasso,1.1969681828793368
2024-07-24,lear_lasso,2.3630275667866307
2024-07-25,lear_lasso,1.3624114954689375
2024-07-26,lear_lasso,1.3654778930879647
2024-07-27,lear_lasso,0.8281334076042212
2024-07-28,lear_lasso,1.463070309420801
2024-07-29,lear_lasso,1.2925141321418483
2024-07-30,lear_lasso,1.3699082520249721
2024-07-31,lear_lasso,1.4632232750603043
2024-08-01,lear_lasso,1.5517755093550765
2024-08-02,lear_lasso,1.9515525325931664
2024-08-03,lear_lasso,1.182372287008724
2024-08-04,lear_lasso,0.7994178321487913
2024-08-05,lear_lasso,1.1710792064499895
2024-08-06,lear_lasso,1.6085990213358496
2024-08-07,lear_lasso,1.494639579294952
2024-08-08,lear_lasso,0.7250398143064553
2024-08-09,lear_lasso,0.7087110533966604
2024-08-10,lear_lasso,0.6655629936684844
2024-08-11,lear_lasso,1.056941436987026
2024-08-12,lear_lasso,3.158140036708186
2024-08-13,lear_lasso,1.6750732841204383
2024-08-14,lear_lasso,1.7078542621630532
2024-08-15,lear_lasso,1.4150533940598677
2024-08-16,lear_lasso,0.8479971093205781
2024-08-17,lear_lasso,2.0570179632954435
2024-08-18,lear_lasso,0.7807139094759905
2024-08-19,lear_lasso,1.8092561911114113
2024-08-20,lear_lasso,1.6491600080794278
2024-08-21,lear_lasso,0.7125713930820323
2024-08-22,lear_lasso,1.4196646320959356
2024-08-23,lear_lasso,0.9087566690101192
2024-08-24,lear_lasso,0.9039038146044175
2024-08-25,lear_lasso,1.513358762185849
2024-08-26,lear_lasso,1.1140453172323126
2024-08-27,lear_lasso,1.135113158724925
2024-08-28,lear_lasso,1.0373777132282636
2024-08-29,lear_lasso,1.485575956168944
2024-08-30,lear_lasso,4.0459790885552875
2024-08-31,lear_lasso,1.5820868212196693
2024-09-01,lear_lasso,1.3409325893381367
2024-09-02,lear_lasso,1.6732890330942276
2024-09-03,lear_lasso,1.4988325113736714
2024-09-04,lear_lasso,1.4089972023773436
2024-09-05,lear_lasso,0.9704942574367784
2024-09-06,lear_lasso,1.1048680369380537
2024-09-07,lear_lasso,0.7074866439218516
2024-09-08,lear_lasso,0.9610785439287929
2024-09-09,lear_lasso,1.9716045686070824
2024-09-10,lear_lasso,1.5123823439035646
2024-09-11,lear_lasso,2.532947576801966
2024-09-12,lear_lasso,1.2002680991344132
2024-09-13,lear_lasso,1.0323728160907837
2024-09-14,lear_lasso,1.4762999753492962
2024-09-15,lear_lasso,1.7767839686346376
2024-09-16,lear_lasso,1.7659244385973711
2024-09-17,lear_lasso,2.460698050348182
2024-09-18,lear_lasso,1.3684681611824139
2024-09-19,lear_lasso,1.7804849068055038
2024-09-20,lear_lasso,1.5948088606252664
2024-09-21,lear_lasso,2.191312493896828
2024-09-22,lear_lasso,1.743256737770506
2024-09-23,lear_lasso,3.8566397246049857
2024-09-24,lear_lasso,1.356755325955347
2024-09-25,lear_lasso,2.030812603698202
2024-09-26,lear_lasso,0.9647827749850767
2024-09-27,lear_lasso,1.2944845690806828
2024-09-28,lear_lasso,0.7567659155789986
2024-09-29,lear_lasso,1.3722746893043098
2024-09-30,lear_lasso,1.0489551172979559
2024-10-01,lear_lasso,1.2856925633080172
2024-10-02,lear_lasso,1.1159030732194242
2024-10-03,lear_lasso,2.0175882271557013
2024-10-04,lear_lasso,1.7442645054383128
2024-10-05,lear_lasso,0.688607453528722
2024-10-06,lear_lasso,1.1584229388002354
2024-10-07,lear_lasso,1.710035161514444
2024-10-08,lear_lasso,0.8779307559580727
2024-10-09,lear_lasso,1.2969350162462512
2024-10-10,lear_lasso,1.8031181652535448
2024-10-11,lear_lasso,1.9915068203486364
2024-10-12,lear_lasso,1.4324360792312933
2024-10-13,lear_lasso,1.2258529576225647
2024-10-14,lear_lasso,1.171045835207274
2024-10-15,lear_lasso,1.7978763261196427
2024-10-16,lear_lasso,2.2789743515042877
2024-10-17,lear_lasso,2.1402451208193134
2024-10-18,lear_lasso,1.9999607660548637
2024-10-19,lear_lasso,2.1340612247154174
2024-10-20,lear_lasso,1.8844895091681468
2024-10-21,lear_lasso,0.6734678021725911
2024-10-22,lear_lasso,0.478512238564812
2024-10-23,lear_lasso,1.7012874867790788
2024-10-24,lear_lasso,1.3213922934558173
2024-10-25,lear_lasso,1.0299534960124586
2024-10-26,lear_lasso,0.9885773694358773
2024-10-27,lear_lasso,1.3267563980054549
2024-10-28,lear_lasso,0.8096397672934789
2024-10-29,lear_lasso,0.9878069717724541
2024-10-30,lear_lasso,2.115785417022538
2024-10-31,lear_lasso,0.9475879225343306
2024-11-01,lear_lasso,0.880950997499706
2024-11-02,lear_lasso,1.8866553269538866
2024-11-03,lear_lasso,2.5968204720003603
2024-11-04,lear_lasso,2.359094194677269
2024-11-05,lear_lasso,0.7334225472262612
2024-11-06,lear_lasso,0.8711097467659218
2024-11-07,lear_lasso,0.9912575110941505
2024-11-08,lear_lasso,0.7027002609780046
2024-11-09,lear_lasso,1.3669521329824426
2024-11-10,lear_lasso,1.7790985970284654
2024-11-11,lear_lasso,0.8913267733498108
2024-11-12,lear_lasso,0.9218361339060123
2024-11-13,lear_lasso,1.246258371541998
2024-11-14,lear_lasso,0.8181254129355736
2024-11-15,lear_lasso,1.27663054453569
2024-11-16,lear_lasso,1.351583868017827
2024-11-17,lear_lasso,1.251205955940848
2024-11-18,lear_lasso,1.1568630881835122
2024-11-19,lear_lasso,2.3020337938131408
2024-11-20,lear_lasso,1.5863517745368674
2024-11-21,lear_lasso,1.3530384007630294
2024-11-22,lear_lasso,1.4714172018115008
2024-11-23,lear_lasso,0.8407184974683838
2024-11-24,lear_lasso,0.8803959550829865
2024-11-25,lear_lasso,1.9054731449632236
2024-11-26,lear_lasso,2.198748277393491
2024-11-27,lear_lasso,1.8371123860327252
2024-11-28,lear_lasso,0.9886271517834206
2024-11-29,lear_lasso,1.6217718592354882
2024-11-30,lear_lasso,1.29482816526719
2024-12-01,lear_lasso,2.092228552825803
2024-12-02,lear_lasso,1.7030846632575798
2024-12-03,lear_lasso,1.094419939946966
2024-12-04,lear_lasso,0.5341458121819835
2024-12-05,lear_lasso,1.1760208373520085
2024-12-06,lear_lasso,0.9165280240474994
2024-12-07,lear_lasso,1.0751608476903523
2024-12-08,lear_lasso,1.110503873073316
2024-12-09,lear_lasso,0.900740486400139
2024-12-10,lear_lasso,0.7092517486598099
2024-12-11,lear_lasso,1.43683554444575
2024-12-12,lear_lasso,0.9121578324189272
2024-12-13,lear_lasso,1.2576126009991346
2024-12-14,lear_lasso,1.1999791810541833
2024-12-15,lear_lasso,0.9523309732585018
2024-12-16,lear_lasso,1.431455909336849
2024-12-17,lear_lasso,0.5340515071119178
2024-12-18,lear_lasso,0.5741186474410053
2024-12-19,lear_lasso,2.137575673108307
2024-12-20,lear_lasso,0.9643262762878356
2024-12-21,lear_lasso,1.803181335438717
2024-12-22,lear_lasso,1.700711627193101
2024-12-23,lear_lasso,1.4934638534259888
2024-12-24,lear_lasso,0.9599468290087426
2024-12-25,lear_lasso,0.7882612064061707
2024-12-26,lear_lasso,1.9943503158655098
2024-12-27,lear_lasso,1.5843103185966052
2024-12-28,lear_lasso,1.9829879831288075
2024-12-29,lear_lasso,1.24980477037777
2024-12-30,lear_lasso,2.7500955475912825
2024-12-31,lear_lasso,2.4594791909915195
2025-01-01,lear_lasso,2.273016679981884
2025-01-02,lear_lasso,1.8174049278511213
2025-01-03,lear_lasso,0.9116317102110431
2025-01-04,lear_lasso,1.5076855029029446
2025-01-05,lear_lasso,2.01579891327496
2025-01-06,lear_lasso,2.0926953076833157
2025-01-07,lear_lasso,0.9871002480182929
2025-01-08,lear_lasso,1.6991451664640633
2025-01-09,lear_lasso,3.156223774578953
2025-01-10,lear_lasso,1.6841999982498415
2025-01-11,lear_lasso,1.3095345327112318
2025-01-12,lear_lasso,1.333772349555665
2025-01-13,lear_lasso,2.623256845912881
2025-01-14,lear_lasso,0.9813188451625722
2025-01-15,lear_lasso,0.7921747182646502
2025-01-16,lear_lasso,0.8904011702673912
2025-01-17,lear_lasso,0.7134380283584841
2025-01-18,lear_lasso,0.6164210217242116
2025-01-19,lear_lasso,1.2329636639630979
2025-01-20,lear_lasso,1.239934991953074
2025-01-21,lear_lasso,0.9782525036424007
2025-01-22,lear_lasso,0.9189033075470481
2025-01-23,lear_lasso,1.449508447297297
2025-01-24,lear_lasso,1.2879130843831956
2025-01-25,lear_lasso,1.3839784251782785
2025-01-26,lear_lasso,1.2577442876463636
2025-01-27,lear_lasso,1.7083772180392847
2025-01-28,lear_lasso,0.5460726129480972
2025-01-29,lear_lasso,0.804449946956399
2025-01-30,lear_lasso,0.754810057489182
2025-01-31,lear_lasso,0.8559344162774699
2025-02-01,lear_lasso,1.778910245939204
2025-02-02,lear_lasso,1.79427994458837
2025-02-03,lear_lasso,1.2184159422138314
2025-02-04,lear_lasso,1.4236675881108256
2025-02-05,lear_lasso,1.979579857372815
2025-02-06,lear_lasso,1.150737487603002
2025-02-07,lear_lasso,1.0148348214382874
2025-02-08,lear_lasso,1.0563672638409594
2025-02-09,lear_lasso,1.276418519505054
2025-02-10,lear_lasso,1.3518923138179817
2025-02-11,lear_lasso,1.6415470603217688
2025-02-12,lear_lasso,2.1349453053227196
2025-02-13,lear_lasso,2.2653491997400117
2025-02-14,lear_lasso,2.284413447617975
2025-02-15,lear_lasso,1.0997960758688607
2025-02-16,lear_lasso,1.255328978247103
2025-02-17,lear_lasso,1.065820892394882
2025-02-18,lear_lasso,1.5429802118118274
2025-02-19,lear_lasso,1.3969505190328675
2025-02-20,lear_lasso,1.4228181597956322
2025-02-21,lear_lasso,0.6947780454149047
2025-02-22,lear_lasso,1.6868212113368308
2025-02-23,lear_lasso,1.4845251852287848
2025-02-24,lear_lasso,2.299945399216328
2025-02-25,lear_lasso,2.367646738832765
2025-02-26,lear_lasso,3.5208195038918757
2025-02-27,lear_lasso,1.5814688712705227
2025-02-28,lear_lasso,1.1733318924707676
2025-03-01,lear_lasso,1.9688055019623854
2025-03-02,lear_lasso,1.3384354163566992
2025-03-03,lear_lasso,5.284508432183575
2025-03-04,lear_lasso,3.559896488863282
2025-03-05,lear_lasso,2.802441344450042
2025-03-06,lear_lasso,1.8923166699709906
2025-03-07,lear_lasso,1.1578477121197464
2025-03-08,lear_lasso,1.988425536294432
2025-03-09,lear_lasso,2.980578160717586
2025-03-10,lear_lasso,1.2900270503376519
2025-03-11,lear_lasso,1.225373178963145
2025-03-12,lear_lasso,1.353753159333447
2025-03-13,lear_lasso,2.838282135472181
2025-03-14,lear_lasso,2.794152457122063
2025-03-15,lear_lasso,2.7896931540626837
2025-03-16,lear_lasso,2.9784036975200845
2025-03-17,lear_lasso,1.5363647966040712
2025-03-18,lear_lasso,0.9875901186878835
2025-03-19,lear_lasso,2.097837067626436
2025-03-20,lear_lasso,2.0928122707330403
2025-03-21,lear_lasso,2.3897385751444724
2025-03-22,lear_lasso,1.8386123284079965
2025-03-23,lear_lasso,2.1739162099985916
2025-03-24,lear_lasso,1.6636874859309991
2025-03-25,lear_lasso,4.428250803471356
2025-03-26,lear_lasso,1.820834450380083
2025-03-27,lear_lasso,1.2415966148516286
2025-03-28,lear_lasso,1.5264684758652802
2025-03-29,lear_lasso,2.634647185326632
2025-03-30,lear_lasso,1.3429834928326132
2025-03-31,lear_lasso,1.0179843831886903
