date,train_start,train_end,n_train_days,alpha,nonzero_coefficients,max_iterations
2024-04-01,2022-04-08,2024-03-31,724,0.1,1423,1099
2024-04-02,2022-04-08,2024-04-01,725,0.1,1422,1056
2024-04-03,2022-04-08,2024-04-02,726,0.1,1420,1060
2024-04-04,2022-04-08,2024-04-03,727,0.1,1421,1070
2024-04-05,2022-04-08,2024-04-04,728,0.1,1417,1070
2024-04-06,2022-04-08,2024-04-05,729,0.1,1419,1068
2024-04-07,2022-04-08,2024-04-06,730,0.1,1423,1060
2024-04-08,2022-04-08,2024-04-07,731,0.1,1418,1080
2024-04-09,2022-04-08,2024-04-08,732,0.1,1423,1078
2024-04-10,2022-04-08,2024-04-09,733,0.1,1418,1080
2024-04-11,2022-04-08,2024-04-10,734,0.1,1415,1073
2024-04-12,2022-04-08,2024-04-11,735,0.1,1420,1071
2024-04-13,2022-04-08,2024-04-12,736,0.1,1420,1061
2024-04-14,2022-04-08,2024-04-13,737,0.1,1422,1060
2024-04-15,2022-04-08,2024-04-14,738,0.1,1416,1062
2024-04-16,2022-04-08,2024-04-15,739,0.1,1416,1057
2024-04-17,2022-04-08,2024-04-16,740,0.1,1417,1065
2024-04-18,2022-04-08,2024-04-17,741,0.1,1417,1068
2024-04-19,2022-04-08,2024-04-18,742,0.1,1417,1082
2024-04-20,2022-04-08,2024-04-19,743,0.1,1419,1077
2024-04-21,2022-04-08,2024-04-20,744,0.1,1419,1077
2024-04-22,2022-04-08,2024-04-21,745,0.1,1414,1065
2024-04-23,2022-04-08,2024-04-22,746,0.1,1412,1058
2024-04-24,2022-04-08,2024-04-23,747,0.1,1407,1053
2024-04-25,2022-04-08,2024-04-24,748,0.1,1408,1051
2024-04-26,2022-04-08,2024-04-25,749,0.1,1410,1053
2024-04-27,2022-04-08,2024-04-26,750,0.1,1411,1052
2024-04-28,2022-04-08,2024-04-27,751,0.1,1414,1072
2024-04-29,2022-04-08,2024-04-28,752,0.1,1413,1086
2024-04-30,2022-04-08,2024-04-29,753,0.1,1411,1084
2024-05-01,2022-04-08,2024-04-30,754,0.1,1410,1080
2024-05-02,2022-04-08,2024-05-01,755,0.1,1406,1069
2024-05-03,2022-04-08,2024-05-02,756,0.1,1402,1070
2024-05-04,2022-04-08,2024-05-03,757,0.1,1395,1074
2024-05-05,2022-04-08,2024-05-04,758,0.1,1397,1068
2024-05-06,2022-04-08,2024-05-05,759,0.1,1397,1067
2024-05-07,2022-04-08,2024-05-06,760,0.1,1395,1068
2024-05-08,2022-04-08,2024-05-07,761,0.1,1390,1067
2024-05-09,2022-04-08,2024-05-08,762,0.1,1389,1060
2024-05-10,2022-04-08,2024-05-09,763,0.1,1391,1089
2024-05-11,2022-04-08,2024-05-10,764,0.1,1390,1087
2024-05-12,2022-04-08,2024-05-11,765,0.1,1388,1129
2024-05-13,2022-04-08,2024-05-12,766,0.1,1383,1135
2024-05-14,2022-04-08,2024-05-13,767,0.1,1383,1126
2024-05-15,2022-04-08,2024-05-14,768,0.1,1391,1212
2024-05-16,2022-04-08,2024-05-15,769,0.1,1386,1223
2024-05-17,2022-04-08,2024-05-16,770,0.1,1385,1217
2024-05-18,2022-04-08,2024-05-17,771,0.1,1382,1224
2024-05-19,2022-04-08,2024-05-18,772,0.1,1386,1239
2024-05-20,2022-04-08,2024-05-19,773,0.1,1387,1230
2024-05-21,2022-04-08,2024-05-20,774,0.1,1384,1257
2024-05-22,2022-04-08,2024-05-21,775,0.1,1389,1261
2024-05-23,2022-04-08,2024-05-22,776,0.1,1387,1264
2024-05-24,2022-04-08,2024-05-23,777,0.1,1383,1265
2024-05-25,2022-04-08,2024-05-24,778,0.1,1386,1262
2024-05-26,2022-04-08,2024-05-25,779,0.1,1387,1259
2024-05-27,2022-04-08,2024-05-26,780,0.1,1385,1260
2024-05-28,2022-04-08,2024-05-27,781,0.1,1381,1259
2024-05-29,2022-04-08,2024-05-28,782,0.1,1380,1260
2024-05-30,2022-04-08,2024-05-29,783,0.1,1373,1259
2024-05-31,2022-04-08,2024-05-30,784,0.1,1373,1261
2024-06-01,2022-04-08,2024-05-31,785,0.1,1374,1261
2024-06-02,2022-04-08,2024-06-01,786,0.1,1373,1261
2024-06-03,2022-04-08,2024-06-02,787,0.1,1372,1260
2024-06-04,2022-04-08,2024-06-03,788,0.1,1372,1262
2024-06-05,2022-04-08,2024-06-04,789,0.1,1375,1264
2024-06-06,2022-04-08,2024-06-05,790,0.1,1376,1264
2024-06-07,2022-04-08,2024-06-06,791,0.1,1373,1270
2024-06-08,2022-04-08,2024-06-07,792,0.1,1374,1270
2024-06-09,2022-04-08,2024-06-08,793,0.1,1375,1274
2024-06-10,2022-04-08,2024-06-09,794,0.1,1373,1274
2024-06-11,2022-04-08,2024-06-10,795,0.1,1372,1278
2024-06-12,2022-04-08,2024-06-11,796,0.1,1373,1282
2024-06-13,2022-04-08,2024-06-12,797,0.1,1373,1286
2024-06-14,2022-04-08,2024-06-13,798,0.1,1376,1285
2024-06-15,2022-04-08,2024-06-14,799,0.1,1371,1285
2024-06-16,2022-04-08,2024-06-15,800,0.1,1368,1269
2024-06-17,2022-04-08,2024-06-16,801,0.1,1367,1269
2024-06-18,2022-04-08,2024-06-17,802,0.1,1361,1269
2024-06-19,2022-04-08,2024-06-18,803,0.1,1367,1271
2024-06-20,2022-04-08,2024-06-19,804,0.1,1365,1271
2024-06-21,2022-04-08,2024-06-20,805,0.1,1364,1272
2024-06-22,2022-04-08,2024-06-21,806,0.1,1364,1271
2024-06-23,2022-04-08,2024-06-22,807,0.1,1364,1270
2024-06-24,2022-04-08,2024-06-23,808,0.1,1365,1269
2024-06-25,2022-04-08,2024-06-24,809,0.1,1366,1271
2024-06-26,2022-04-08,2024-06-25,810,0.1,1367,1270
2024-06-27,2022-04-08,2024-06-26,811,0.1,1368,1269
2024-06-28,2022-04-08,2024-06-27,812,0.1,1367,1269
2024-06-29,2022-04-08,2024-06-28,813,0.1,1368,1269
2024-06-30,2022-04-08,2024-06-29,814,0.1,1362,1272
2024-07-01,2022-04-08,2024-06-30,815,0.1,1362,1269
2024-07-02,2022-04-08,2024-07-01,816,0.1,1359,1263
2024-07-03,2022-04-08,2024-07-02,817,0.1,1358,1267
2024-07-04,2022-04-08,2024-07-03,818,0.1,1360,1270
2024-07-05,2022-04-08,2024-07-04,819,0.1,1360,1268
2024-07-06,2022-04-08,2024-07-05,820,0.1,1359,1270
2024-07-07,2022-04-08,2024-07-06,821,0.1,1361,1272
2024-07-08,2022-04-08,2024-07-07,822,0.1,1358,1272
2024-07-09,2022-04-08,2024-07-08,823,0.1,1353,1272
2024-07-10,2022-04-08,2024-07-09,824,0.1,1355,1273
2024-07-11,2022-04-08,2024-07-10,825,0.1,1359,1270
2024-07-12,2022-04-08,2024-07-11,826,0.1,1360,1269
2024-07-13,2022-04-08,2024-07-12,827,0.1,1364,1269
2024-07-14,2022-04-08,2024-07-13,828,0.1,1364,1267
2024-07-15,2022-04-08,2024-07-14,829,0.1,1364,1265
2024-07-16,2022-04-08,2024-07-15,830,0.1,1366,1267
2024-07-17,2022-04-08,2024-07-16,831,0.1,1362,1286
2024-07-18,2022-04-08,2024-07-17,832,0.1,1362,1292
2024-07-19,2022-04-08,2024-07-18,833,0.1,1361,1288
2024-07-20,2022-04-08,2024-07-19,834,0.1,1366,1285
2024-07-21,2022-04-08,2024-07-20,835,0.1,1365,1285
2024-07-22,2022-04-08,2024-07-21,836,0.1,1360,1285
2024-07-23,2022-04-08,2024-07-22,837,0.1,1360,1285
2024-07-24,2022-04-08,2024-07-23,838,0.1,1358,1285
2024-07-25,2022-04-08,2024-07-24,839,0.1,1359,1284
2024-07-26,2022-04-08,2024-07-25,840,0.1,1357,1283
2024-07-27,2022-04-08,2024-07-26,841,0.1,1357,1279
2024-07-28,2022-04-08,2024-07-27,842,0.1,1359,1288
2024-07-29,2022-04-08,2024-07-28,843,0.1,1361,1287
2024-07-30,2022-04-08,2024-07-29,844,0.1,1366,1289
2024-07-31,2022-04-08,2024-07-30,845,0.1,1361,1288
2024-08-01,2022-04-08,2024-07-31,846,0.1,1362,1289
2024-08-02,2022-04-08,2024-08-01,847,0.1,1359,1291
2024-08-03,2022-04-08,2024-08-02,848,0.1,1364,1287
2024-08-04,2022-04-08,2024-08-03,849,0.1,1364,1283
2024-08-05,2022-04-08,2024-08-04,850,0.1,1367,1280
2024-08-06,2022-04-08,2024-08-05,851,0.1,1364,1278
2024-08-07,2022-04-08,2024-08-06,852,0.1,1357,1276
2024-08-08,2022-04-08,2024-08-07,853,0.1,1365,1275
2024-08-09,2022-04-08,2024-08-08,854,0.1,1360,1277
2024-08-10,2022-04-08,2024-08-09,855,0.1,1356,1281
2024-08-11,2022-04-08,2024-08-10,856,0.1,1359,1280
2024-08-12,2022-04-08,2024-08-11,857,0.1,1361,1278
2024-08-13,2022-04-08,2024-08-12,858,0.1,1359,1279
2024-08-14,2022-04-08,2024-08-13,859,0.1,1362,1282
2024-08-15,2022-04-08,2024-08-14,860,0.1,1361,1282
2024-08-16,2022-04-08,2024-08-15,861,0.1,1361,1284
2024-08-17,2022-04-08,2024-08-16,862,0.1,1359,1288
2024-08-18,2022-04-08,2024-08-17,863,0.1,1361,1281
2024-08-19,2022-04-08,2024-08-18,864,0.1,1357,1285
2024-08-20,2022-04-08,2024-08-19,865,0.1,1359,1283
2024-08-21,2022-04-08,2024-08-20,866,0.1,1354,1276
2024-08-22,2022-04-08,2024-08-21,867,0.1,1354,1277
2024-08-23,2022-04-08,2024-08-22,868,0.1,1350,1277
2024-08-24,2022-04-08,2024-08-23,869,0.1,1346,1276
2024-08-25,2022-04-08,2024-08-24,870,0.1,1350,1277
2024-08-26,2022-04-08,2024-08-25,871,0.1,1349,1277
2024-08-27,2022-04-08,2024-08-26,872,0.1,1348,1276
2024-08-28,2022-04-08,2024-08-27,873,0.1,1346,1275
2024-08-29,2022-04-08,2024-08-28,874,0.1,1344,1271
2024-08-30,2022-04-08,2024-08-29,875,0.1,1346,1271
2024-08-31,2022-04-08,2024-08-30,876,0.1,1348,1271
2024-09-01,2022-04-08,2024-08-31,877,0.1,1337,1275
2024-09-02,2022-04-08,2024-09-01,878,0.1,1338,1283
2024-09-03,2022-04-08,2024-09-02,879,0.1,1337,1284
2024-09-04,2022-04-08,2024-09-03,880,0.1,1341,1283
2024-09-05,2022-04-08,2024-09-04,881,0.1,1340,1285
2024-09-06,2022-04-08,2024-09-05,882,0.1,1339,1288
2024-09-07,2022-04-08,2024-09-06,883,0.1,1342,1290
2024-09-08,2022-04-08,2024-09-07,884,0.1,1341,1291
2024-09-09,2022-04-08,2024-09-08,885,0.1,1340,1295
2024-09-10,2022-04-08,2024-09-09,886,0.1,1340,1290
2024-09-11,2022-04-08,2024-09-10,887,0.1,1340,1277
2024-09-12,2022-04-08,2024-09-11,888,0.1,1342,1268
2024-09-13,2022-04-08,2024-09-12,889,0.1,1340,1268
2024-09-14,2022-04-08,2024-09-13,890,0.1,1338,1268
2024-09-15,2022-04-08,2024-09-14,891,0.1,1340,1270
2024-09-16,2022-04-08,2024-09-15,892,0.1,1331,1271
2024-09-17,2022-04-08,2024-09-16,893,0.1,1336,1271
2024-09-18,2022-04-08,2024-09-17,894,0.1,1336,1274
2024-09-19,2022-04-08,2024-09-18,895,0.1,1338,1283
2024-09-20,2022-04-08,2024-09-19,896,0.1,1341,1290
2024-09-21,2022-04-08,2024-09-20,897,0.1,1343,1302
2024-09-22,2022-04-08,2024-09-21,898,0.1,1339,1308
2024-09-23,2022-04-08,2024-09-22,899,0.1,1338,1315
2024-09-24,2022-04-08,2024-09-23,900,0.1,1318,1330
2024-09-25,2022-04-08,2024-09-24,901,0.1,1316,1338
2024-09-26,2022-04-08,2024-09-25,902,0.1,1309,1337
2024-09-27,2022-04-08,2024-09-26,903,0.1,1311,1340
2024-09-28,2022-04-08,2024-09-27,904,0.1,1312,1343
2024-09-29,2022-04-08,2024-09-28,905,0.1,1316,1345
2024-09-30,2022-04-08,2024-09-29,906,0.1,1319,1348
2024-10-01,2022-04-08,2024-09-30,907,0.1,1320,1349
2024-10-02,2022-04-08,2024-10-01,908,0.1,1317,1347
2024-10-03,2022-04-08,2024-10-02,909,0.1,1318,1344
2024-10-04,2022-04-08,2024-10-03,910,0.1,1321,1342
2024-10-05,2022-04-08,2024-10-04,911,0.1,1322,1339
2024-10-06,2022-04-08,2024-10-05,912,0.1,1320,1338
2024-10-07,2022-04-08,2024-10-06,913,0.1,1320,1339
2024-10-08,2022-04-08,2024-10-07,914,0.1,1321,1341
2024-10-09,2022-04-08,2024-10-08,915,0.1,1322,1341
2024-10-10,2022-04-08,2024-10-09,916,0.1,1319,1340
2024-10-11,2022-04-08,2024-10-10,917,0.1,1316,1340
2024-10-12,2022-04-08,2024-10-11,918,0.1,1320,1340
2024-10-13,2022-04-08,2024-10-12,919,0.1,1319,1339
2024-10-14,2022-04-08,2024-10-13,920,0.1,1317,1338
2024-10-15,2022-04-08,2024-10-14,921,0.1,1318,1336
2024-10-16,2022-04-08,2024-10-15,922,0.1,1316,1334
2024-10-17,2022-04-08,2024-10-16,923,0.1,1312,1332
2024-10-18,2022-04-08,2024-10-17,924,0.1,1314,1334
2024-10-19,2022-04-08,2024-10-18,925,0.1,1323,1337
2024-10-20,2022-04-08,2024-10-19,926,0.1,1318,1338
2024-10-21,2022-04-08,2024-10-20,927,0.1,1321,1338
2024-10-22,2022-04-08,2024-10-21,928,0.1,1319,1338
2024-10-23,2022-04-08,2024-10-22,929,0.1,1319,1339
2024-10-24,2022-04-08,2024-10-23,930,0.1,1312,1338
2024-10-25,2022-04-08,2024-10-24,931,0.1,1314,1338
2024-10-26,2022-04-08,2024-10-25,932,0.1,1311,1334
2024-10-27,2022-04-08,2024-10-26,933,0.1,1311,1333
2024-10-28,2022-04-08,2024-10-27,934,0.1,1311,1333
2024-10-29,2022-04-08,2024-10-28,935,0.1,1310,1333
2024-10-30,2022-04-08,2024-10-29,936,0.1,1309,1332
2024-10-31,2022-04-08,2024-10-30,937,0.1,1308,1336
2024-11-01,2022-04-08,2024-10-31,938,0.1,1307,1336
2024-11-02,2022-04-08,2024-11-01,939,0.1,1307,1332
2024-11-03,2022-04-08,2024-11-02,940,0.1,1305,1330
2024-11-04,2022-04-08,2024-11-03,941,0.1,1304,1327
2024-11-05,2022-04-08,2024-11-04,942,0.1,1310,1326
2024-11-06,2022-04-08,2024-11-05,943,0.1,1309,1325
2024-11-07,2022-04-08,2024-11-06,944,0.1,1310,1318
2024-11-08,2022-04-08,2024-11-07,945,0.1,1307,1323
2024-11-09,2022-04-08,2024-11-08,946,0.1,1306,1330
2024-11-10,2022-04-08,2024-11-09,947,0.1,1303,1329
2024-11-11,2022-04-08,2024-11-10,948,0.1,1308,1320
2024-11-12,2022-04-08,2024-11-11,949,0.1,1308,1321
2024-11-13,2022-04-08,2024-11-12,950,0.1,1305,1326
2024-11-14,2022-04-08,2024-11-13,951,0.1,1307,1326
2024-11-15,2022-04-08,2024-11-14,952,0.1,1304,1322
2024-11-16,2022-04-08,2024-11-15,953,0.1,1310,1318
2024-11-17,2022-04-08,2024-11-16,954,0.1,1310,1316
2024-11-18,2022-04-08,2024-11-17,955,0.1,1309,1315
2024-11-19,2022-04-08,2024-11-18,956,0.1,1311,1318
2024-11-20,2022-04-08,2024-11-19,957,0.1,1311,1322
2024-11-21,2022-04-08,2024-11-20,958,0.1,1307,1325
2024-11-22,2022-04-08,2024-11-21,959,0.1,1320,1327
2024-11-23,2022-04-08,2024-11-22,960,0.1,1315,1325
2024-11-24,2022-04-08,2024-11-23,961,0.1,1315,1326
2024-11-25,2022-04-08,2024-11-24,962,0.1,1313,1323
2024-11-26,2022-04-08,2024-11-25,963,0.1,1312,1322
2024-11-27,2022-04-08,2024-11-26,964,0.1,1310,1314
2024-11-28,2022-04-08,2024-11-27,965,0.1,1304,1314
2024-11-29,2022-04-08,2024-11-28,966,0.1,1307,1313
2024-11-30,2022-04-08,2024-11-29,967,0.1,1308,1314
2024-12-01,2022-04-08,2024-11-30,968,0.1,1309,1309
2024-12-02,2022-04-08,2024-12-01,969,0.1,1306,1298
2024-12-03,2022-04-08,2024-12-02,970,0.1,1305,1300
2024-12-04,2022-04-08,2024-12-03,971,0.1,1302,1300
2024-12-05,2022-04-08,2024-12-04,972,0.1,1301,1300
2024-12-06,2022-04-08,2024-12-05,973,0.1,1300,1300
2024-12-07,2022-04-08,2024-12-06,974,0.1,1305,1299
2024-12-08,2022-04-08,2024-12-07,975,0.1,1305,1306
2024-12-09,2022-04-08,2024-12-08,976,0.1,1302,1303
2024-12-10,2022-04-08,2024-12-09,977,0.1,1303,1295
2024-12-11,2022-04-08,2024-12-10,978,0.1,1305,1295
2024-12-12,2022-04-08,2024-12-11,979,0.1,1305,1305
2024-12-13,2022-04-08,2024-12-12,980,0.1,1298,1294
2024-12-14,2022-04-08,2024-12-13,981,0.1,1300,1298
2024-12-15,2022-04-08,2024-12-14,982,0.1,1294,1284
2024-12-16,2022-04-08,2024-12-15,983,0.1,1297,1275
2024-12-17,2022-04-08,2024-12-16,984,0.1,1300,1254
2024-12-18,2022-04-08,2024-12-17,985,0.1,1302,1250
2024-12-19,2022-04-08,2024-12-18,986,0.1,1305,1248
2024-12-20,2022-04-08,2024-12-19,987,0.1,1296,1242
2024-12-21,2022-04-08,2024-12-20,988,0.1,1294,1246
2024-12-22,2022-04-08,2024-12-21,989,0.1,1301,1243
2024-12-23,2022-04-08,2024-12-22,990,0.1,1305,1247
2024-12-24,2022-04-08,2024-12-23,991,0.1,1306,1247
2024-12-25,2022-04-08,2024-12-24,992,0.1,1304,1247
2024-12-26,2022-04-08,2024-12-25,993,0.1,1302,1247
2024-12-27,2022-04-08,2024-12-26,994,0.1,1294,1259
2024-12-28,2022-04-08,2024-12-27,995,0.1,1294,1259
2024-12-29,2022-04-08,2024-12-28,996,0.1,1299,1260
2024-12-30,2022-04-08,2024-12-29,997,0.1,1300,1260
2024-12-31,2022-04-08,2024-12-30,998,0.1,1299,1260
2025-01-01,2022-04-08,2024-12-31,999,0.1,1291,1260
2025-01-02,2022-04-08,2025-01-01,1000,0.1,1296,1260
2025-01-03,2022-04-08,2025-01-02,1001,0.1,1292,1267
2025-01-04,2022-04-08,2025-01-03,1002,0.1,1295,1265
2025-01-05,2022-04-08,2025-01-04,1003,0.1,1297,1266
2025-01-06,2022-04-08,2025-01-05,1004,0.1,1297,1266
2025-01-07,2022-04-08,2025-01-06,1005,0.1,1297,1254
2025-01-08,2022-04-08,2025-01-07,1006,0.1,1297,1243
2025-01-09,2022-04-08,2025-01-08,1007,0.1,1297,1236
2025-01-10,2022-04-08,2025-01-09,1008,0.1,1294,1231
2025-01-11,2022-04-08,2025-01-10,1009,0.1,1303,1223
2025-01-12,2022-04-08,2025-01-11,1010,0.1,1304,1217
2025-01-13,2022-04-08,2025-01-12,1011,0.1,1304,1221
2025-01-14,2022-04-08,2025-01-13,1012,0.1,1304,1221
2025-01-15,2022-04-08,2025-01-14,1013,0.1,1299,1222
2025-01-16,2022-04-08,2025-01-15,1014,0.1,1293,1219
2025-01-17,2022-04-08,2025-01-16,1015,0.1,1296,1220
2025-01-18,2022-04-08,2025-01-17,1016,0.1,1296,1225
2025-01-19,2022-04-08,2025-01-18,1017,0.1,1295,1224
2025-01-20,2022-04-08,2025-01-19,1018,0.1,1294,1225
2025-01-21,2022-04-08,2025-01-20,1019,0.1,1295,1225
2025-01-22,2022-04-08,2025-01-21,1020,0.1,1291,1225
2025-01-23,2022-04-08,2025-01-22,1021,0.1,1292,1225
2025-01-24,2022-04-08,2025-01-23,1022,0.1,1291,1221
2025-01-25,2022-04-08,2025-01-24,1023,0.1,1289,1215
2025-01-26,2022-04-08,2025-01-25,1024,0.1,1292,1203
2025-01-27,2022-04-08,2025-01-26,1025,0.1,1291,1201
2025-01-28,2022-04-08,2025-01-27,1026,0.1,1291,1225
2025-01-29,2022-04-08,2025-01-28,1027,0.1,1295,1221
2025-01-30,2022-04-08,2025-01-29,1028,0.1,1289,1217
2025-01-31,2022-04-08,2025-01-30,1029,0.1,1288,1214
2025-02-01,2022-04-08,2025-01-31,1030,0.1,1286,1215
2025-02-02,2022-04-08,2025-02-01,1031,0.1,1287,1216
2025-02-03,2022-04-08,2025-02-02,1032,0.1,1286,1213
2025-02-04,2022-04-08,2025-02-03,1033,0.1,1285,1216
2025-02-05,2022-04-08,2025-02-04,1034,0.1,1286,1216
2025-02-06,2022-04-08,2025-02-05,1035,0.1,1288,1204
2025-02-07,2022-04-08,2025-02-06,1036,0.1,1281,1197
2025-02-08,2022-04-08,2025-02-07,1037,0.1,1285,1194
2025-02-09,2022-04-08,2025-02-08,1038,0.1,1291,1188
2025-02-10,2022-04-08,2025-02-09,1039,0.1,1290,1188
2025-02-11,2022-04-08,2025-02-10,1040,0.1,1294,1189
2025-02-12,2022-04-08,2025-02-11,1041,0.1,1291,1194
2025-02-13,2022-04-08,2025-02-12,1042,0.1,1282,1194
2025-02-14,2022-04-08,2025-02-13,1043,0.1,1294,1196
2025-02-15,2022-04-08,2025-02-14,1044,0.1,1290,1199
2025-02-16,2022-04-08,2025-02-15,1045,0.1,1285,1197
2025-02-17,2022-04-08,2025-02-16,1046,0.1,1288,1202
2025-02-18,2022-04-08,2025-02-17,1047,0.1,1286,1206
2025-02-19,2022-04-08,2025-02-18,1048,0.1,1286,1197
2025-02-20,2022-04-08,2025-02-19,1049,0.1,1284,1191
2025-02-21,2022-04-08,2025-02-20,1050,0.1,1285,1186
2025-02-22,2022-04-08,2025-02-21,1051,0.1,1284,1184
2025-02-23,2022-04-08,2025-02-22,1052,0.1,1286,1184
2025-02-24,2022-04-08,2025-02-23,1053,0.1,1285,1180
2025-02-25,2022-04-08,2025-02-24,1054,0.1,1289,1182
2025-02-26,2022-04-08,2025-02-25,1055,0.1,1282,1186
2025-02-27,2022-04-08,2025-02-26,1056,0.1,1279,1152
2025-02-28,2022-04-08,2025-02-27,1057,0.1,1277,1152
2025-03-01,2022-04-08,2025-02-28,1058,0.1,1279,1153
2025-03-02,2022-04-08,2025-03-01,1059,0.1,1281,1155
2025-03-03,2022-04-08,2025-03-02,1060,0.1,1280,1157
2025-03-04,2022-04-08,2025-03-03,1061,0.1,1279,1159
2025-03-05,2022-04-08,2025-03-04,1062,0.1,1282,1145
2025-03-06,2022-04-08,2025-03-05,1063,0.1,1290,1148
2025-03-07,2022-04-08,2025-03-06,1064,0.1,1284,1150
2025-03-08,2022-04-08,2025-03-07,1065,0.1,1284,1150
2025-03-09,2022-04-08,2025-03-08,1066,0.1,1281,1150
2025-03-10,2022-04-08,2025-03-09,1067,0.1,1287,1129
2025-03-11,2022-04-08,2025-03-10,1068,0.1,1286,1133
2025-03-12,2022-04-08,2025-03-11,1069,0.1,1283,1135
2025-03-13,2022-04-08,2025-03-12,1070,0.1,1286,1135
2025-03-14,2022-04-08,2025-03-13,1071,0.1,1292,1145
2025-03-15,2022-04-08,2025-03-14,1072,0.1,1291,1145
2025-03-16,2022-04-08,2025-03-15,1073,0.1,1289,1157
2025-03-17,2022-04-08,2025-03-16,1074,0.1,1285,1154
2025-03-18,2022-04-08,2025-03-17,1075,0.1,1286,1161
2025-03-19,2022-04-08,2025-03-18,1076,0.1,1289,1148
2025-03-20,2022-04-08,2025-03-19,1077,0.1,1290,1144
2025-03-21,2022-04-08,2025-03-20,1078,0.1,1285,1146
2025-03-22,2022-04-08,2025-03-21,1079,0.1,1288,1146
2025-03-23,2022-04-08,2025-03-22,1080,0.1,1290,1146
2025-03-24,2022-04-08,2025-03-23,1081,0.1,1291,1145
2025-03-25,2022-04-08,2025-03-24,1082,0.1,1289,1143
2025-03-26,2022-04-08,2025-03-25,1083,0.1,1288,1148
2025-03-27,2022-04-08,2025-03-26,1084,0.1,1284,1158
2025-03-28,2022-04-08,2025-03-27,1085,0.1,1286,1156
2025-03-29,2022-04-08,2025-03-28,1086,0.1,1284,1173
2025-03-30,2022-04-08,2025-03-29,1087,0.1,1276,1174
2025-03-31,2022-04-08,2025-03-30,1088,0.1,1274,1170
