date,slot,actual,naive_previous_day,naive_week,naive_weekday,lear_lasso
2024-04-01,1,8.57,9.49,9.15,9.15,9.383337230121716
2024-04-01,2,8.59,9.28,9.32,9.32,9.155915177683255
2024-04-01,3,8.86,9.3,9.44,9.44,9.356922190890455
2024-04-01,4,8.95,9.47,9.44,9.44,9.436815519661877
2024-04-01,5,9.0,9.74,9.53,9.53,9.729558497496916
2024-04-01,6,9.13,10.4,10.0,10.0,10.113122582441298
2024-04-01,7,9.31,11.03,10.34,10.34,10.44956732143056
2024-04-01,8,9.2,11.59,10.0,10.0,10.775057865842543
2024-04-01,9,9.5,11.43,10.5,10.5,10.944281966686056
2024-04-01,10,9.54,11.8,10.0,10.0,11.2121582602316
2024-04-01,11,10.01,11.8,10.34,10.34,11.68970710375904
2024-04-01,12,10.0,10.17,11.51,11.51,11.198307538810893
2024-04-01,13,10.04,9.25,11.52,11.52,10.94017231285255
2024-04-01,14,9.55,8.5,11.18,11.18,10.49564645683059
2024-04-01,15,9.06,6.0,10.77,10.77,9.273326591738428
2024-04-01,16,8.77,0.3,10.63,10.63,8.026547490088658
2024-04-01,17,7.17,0.01,12.08,12.08,8.21166197133146
2024-04-01,18,6.01,0.01,16.42,16.42,8.653439613245883
2024-04-01,19,3.0,0.01,15.88,15.88,8.355065902809468
2024-04-01,20,0.5,0.01,15.86,15.86,8.158317266950718
2024-04-01,21,0.02,0.01,12.5,12.5,7.059220965292627
2024-04-01,22,0.01,0.01,10.97,10.97,6.629395930291367
2024-04-01,23,0.01,0.01,10.8,10.8,6.598833155573391
2024-04-01,24,0.01,0.01,10.0,10.0,5.866586309831059
2024-04-01,25,0.01,0.01,8.83,8.83,4.04833510966719
2024-04-01,26,0.01,0.01,8.76,8.76,3.8711435045402425
2024-04-01,27,0.01,0.01,9.76,9.76,6.575862960678111
2024-04-01,28,0.01,0.01,10.3,10.3,6.894653631369064
2024-04-01,29,0.01,0.01,10.08,10.08,7.0745922953820095
2024-04-01,30,0.01,0.3,11.54,11.54,8.140421041211296
2024-04-01,31,0.01,3.0,11.69,11.69,9.290507366603869
2024-04-01,32,5.0,3.0,12.39,12.39,9.926616596447644
2024-04-01,33,8.89,7.48,13.06,13.06,10.688741382427086
2024-04-01,34,9.78,8.89,15.88,15.88,12.558602271013548
2024-04-01,35,11.17,10.0,16.42,16.42,13.24177942459464
2024-04-01,36,13.15,11.91,16.42,16.42,14.175255785506033
2024-04-01,37,13.09,11.8,16.42,16.42,14.641671329855116
2024-04-01,38,15.0,12.34,16.42,16.42,14.634164789898369
2024-04-01,39,14.46,12.22,16.42,16.42,14.580184163651163
2024-04-01,40,12.85,11.8,16.42,16.42,14.091919153415569
2024-04-01,41,11.75,11.8,15.0,15.0,13.823834388679451
2024-04-01,42,11.68,11.0,15.0,15.0,13.144851229982548
2024-04-01,43,11.65,10.49,13.02,13.02,12.29259204409733
2024-04-01,44,10.32,10.0,12.19,12.19,11.500638709820464
2024-04-01,45,10.44,9.82,11.85,11.85,11.744526270280502
2024-04-01,46,9.78,9.25,11.21,11.21,10.7422890415998
2024-04-01,47,9.71,9.0,10.0,10.0,10.510468740564159
2024-04-01,48,9.08,8.84,9.32,9.32,9.470611134121922
2024-04-02,1,9.39,8.57,9.82,8.57,9.841548169478603
2024-04-02,2,9.38,8.59,10.0,8.59,9.462365571882811
2024-04-02,3,9.4,8.86,9.56,8.86,9.599701627679785
2024-04-02,4,9.62,8.95,9.56,8.95,9.674938382637833
2024-04-02,5,9.7,9.0,9.82,9.0,9.734614790190236
2024-04-02,6,10.32,9.13,10.0,9.13,10.062020303920557
2024-04-02,7,10.39,9.31,11.0,9.31,10.326000875332685
2024-04-02,8,10.45,9.2,10.5,9.2,10.557364044838778
2024-04-02,9,11.0,9.5,11.01,9.5,10.704976420713662
2024-04-02,10,11.19,9.54,10.91,9.54,10.889190404634485
2024-04-02,11,12.0,10.01,11.0,10.01,11.202420254233411
2024-04-02,12,12.47,10.0,10.0,10.0,10.953016543756796
2024-04-02,13,12.47,10.04,10.81,10.04,11.186239391867446
2024-04-02,14,10.61,9.55,11.82,9.55,10.787895330802911
2024-04-02,15,9.22,9.06,12.39,9.06,9.2397184003
2024-04-02,16,8.66,8.77,14.33,8.77,7.68489752951709
2024-04-02,17,7.52,7.17,17.09,7.17,6.993531196748164
2024-04-02,18,7.0,6.01,20.0,6.01,6.380402763540252
2024-04-02,19,7.17,3.0,20.0,3.0,6.533209526140048
2024-04-02,20,5.21,0.5,20.0,0.5,5.659567417943642
2024-04-02,21,4.72,0.02,17.09,0.02,4.424720878831313
2024-04-02,22,3.0,0.01,22.09,0.01,4.00389271897958
2024-04-02,23,1.0,0.01,22.09,0.01,4.017405709688669
2024-04-02,24,0.04,0.01,22.09,0.01,3.4978388656285935
2024-04-02,25,0.01,0.01,17.57,0.01,2.042463506567116
2024-04-02,26,0.01,0.01,15.61,0.01,1.7869051840870034
2024-04-02,27,0.02,0.01,18.94,0.01,2.908897116081665
2024-04-02,28,2.0,0.01,20.0,0.01,3.000634889391348
2024-04-02,29,3.26,0.01,15.82,0.01,3.5672298302220717
2024-04-02,30,4.25,0.01,15.82,0.01,5.319266884336733
2024-04-02,31,7.0,0.01,15.82,0.01,5.509688488676531
2024-04-02,32,8.89,5.0,15.82,5.0,6.442397342283126
2024-04-02,33,9.02,8.89,16.47,8.89,8.191673255211207
2024-04-02,34,9.7,9.78,16.64,9.78,10.720798449873127
2024-04-02,35,11.54,11.17,17.09,11.17,11.652918138072877
2024-04-02,36,14.04,13.15,20.0,13.15,13.175925627643624
2024-04-02,37,14.29,13.09,20.0,13.09,13.591845306450427
2024-04-02,38,14.21,15.0,20.18,15.0,14.309971574493831
2024-04-02,39,13.98,14.46,17.94,14.46,13.934040048263698
2024-04-02,40,12.85,12.85,17.94,12.85,13.571618669540602
2024-04-02,41,13.0,11.75,17.4,11.75,13.19623663505942
2024-04-02,42,12.25,11.68,16.64,11.68,12.7790913912879
2024-04-02,43,12.0,11.65,15.82,11.65,11.842033350884439
2024-04-02,44,11.67,10.32,15.0,10.32,11.265768554285305
2024-04-02,45,11.81,10.44,12.82,10.44,11.182466144615233
2024-04-02,46,10.0,9.78,11.42,9.78,10.431842525383257
2024-04-02,47,9.8,9.71,10.5,9.71,10.005270818386855
2024-04-02,48,9.02,9.08,9.29,9.08,8.897979768747893
2024-04-03,1,9.25,9.39,12.32,9.39,9.985052937069533
2024-04-03,2,9.0,9.38,11.41,9.38,9.890749872848803
2024-04-03,3,8.95,9.4,11.06,9.4,9.952429000100839
2024-04-03,4,9.0,9.62,11.01,9.62,9.960050585887732
2024-04-03,5,9.02,9.7,11.57,9.7,10.373177417639527
2024-04-03,6,9.2,10.32,12.25,10.32,10.619034228891028
2024-04-03,7,9.7,10.39,12.39,10.39,10.929587678853025
2024-04-03,8,10.0,10.45,12.32,10.45,11.195531451660543
2024-04-03,9,9.78,11.0,12.45,11.0,11.175856750073635
2024-04-03,10,9.75,11.19,12.5,11.19,11.280882007472425
2024-04-03,11,10.02,12.0,13.17,12.0,11.780968960380669
2024-04-03,12,9.66,12.47,14.39,12.47,12.062657661886032
2024-04-03,13,9.57,12.47,17.35,12.47,12.173198701572485
2024-04-03,14,9.55,10.61,16.35,10.61,11.471722546145239
2024-04-03,15,9.6,9.22,10.79,9.22,10.03949016733003
2024-04-03,16,10.07,8.66,10.54,8.66,8.639628631018493
2024-04-03,17,10.5,7.52,9.13,7.52,8.459509402424324
2024-04-03,18,11.35,7.0,8.83,7.0,8.34890497821084
2024-04-03,19,13.97,7.17,8.02,7.17,7.50036509765843
2024-04-03,20,12.85,5.21,6.79,5.21,6.1739006071923
2024-04-03,21,12.0,4.72,3.0,4.72,5.3399495642205626
2024-04-03,22,12.0,3.0,1.0,3.0,4.592868933422806
2024-04-03,23,12.97,1.0,0.09,1.0,3.9844380557414647
2024-04-03,24,12.44,0.04,0.01,0.04,3.4316012152964124
2024-04-03,25,10.14,0.01,0.01,0.01,2.318433531937756
2024-04-03,26,10.14,0.01,0.01,0.01,1.9965253707140231
2024-04-03,27,12.5,0.02,0.75,0.02,3.787862745297554
2024-04-03,28,13.18,2.0,1.0,2.0,4.291115100940914
2024-04-03,29,13.09,3.26,2.12,3.26,4.803965207355896
2024-04-03,30,13.09,4.25,3.0,4.25,5.975008643301841
2024-04-03,31,12.0,7.0,5.02,7.0,6.793315037571867
2024-04-03,32,14.0,8.89,7.36,8.89,8.082025378578892
2024-04-03,33,16.28,9.02,8.54,9.02,8.328492306888034
2024-04-03,34,16.28,9.7,9.55,9.7,10.360474227226513
2024-04-03,35,16.28,11.54,12.45,11.54,11.026466718465521
2024-04-03,36,16.28,14.04,17.35,14.04,12.530757684317392
2024-04-03,37,16.28,14.29,17.35,14.29,12.992010793803557
2024-04-03,38,16.28,14.21,17.35,14.21,13.839803627089076
2024-04-03,39,15.5,13.98,17.35,13.98,13.800253301826311
2024-04-03,40,14.16,12.85,17.35,12.85,13.61567597255878
2024-04-03,41,13.5,13.0,17.35,13.0,13.682014059944454
2024-04-03,42,12.5,12.25,17.35,12.25,13.653498433699639
2024-04-03,43,11.93,12.0,17.35,12.0,13.005959772912968
2024-04-03,44,10.58,11.67,15.0,11.67,11.959417163304883
2024-04-03,45,10.49,11.81,14.06,11.81,11.971793460789545
2024-04-03,46,9.7,10.0,12.39,10.0,11.069925675232511
2024-04-03,47,9.7,9.8,12.3,9.8,10.58972651132588
2024-04-03,48,8.95,9.02,11.0,9.02,9.457503581495121
2024-04-04,1,9.8,9.25,12.0,9.25,10.183481674857699
2024-04-04,2,10.5,9.0,11.23,9.0,9.8966271939156
2024-04-04,3,10.5,8.95,11.0,8.95,10.000115726748861
2024-04-04,4,10.49,9.0,11.48,9.0,9.891435473839344
2024-04-04,5,10.52,9.02,11.56,9.02,9.98149751328809
2024-04-04,6,10.43,9.2,12.17,9.2,10.172841072773686
2024-04-04,7,10.89,9.7,12.56,9.7,10.339722929179267
2024-04-04,8,10.77,10.0,12.39,10.0,10.543253869387865
2024-04-04,9,11.23,9.78,12.45,9.78,10.686383800754754
2024-04-04,10,11.79,9.75,12.27,9.75,10.874398508059038
2024-04-04,11,12.75,10.02,12.76,10.02,11.025980259351627
2024-04-04,12,11.76,9.66,12.56,9.66,10.883645786103497
2024-04-04,13,12.0,9.57,14.06,9.57,11.270619661191311
2024-04-04,14,13.15,9.55,17.02,9.55,11.129886941436991
2024-04-04,15,11.95,9.6,13.21,9.6,10.598617456383728
2024-04-04,16,10.32,10.07,12.35,10.07,9.914117103603905
2024-04-04,17,10.0,10.5,13.22,10.5,9.900709785305317
2024-04-04,18,9.33,11.35,14.99,11.35,10.474388163370577
2024-04-04,19,9.75,13.97,16.47,13.97,10.699753599450741
2024-04-04,20,9.25,12.85,12.45,12.85,9.951760760223404
2024-04-04,21,8.95,12.0,10.83,12.0,8.769367273539995
2024-04-04,22,8.82,12.0,9.64,12.0,8.146465381105193
2024-04-04,23,8.7,12.97,9.52,12.97,8.369399581520053
2024-04-04,24,7.96,12.44,8.97,12.44,7.796877322264096
2024-04-04,25,7.15,10.14,8.65,10.14,5.692456343841731
2024-04-04,26,7.15,10.14,8.73,10.14,5.225410527020372
2024-04-04,27,8.7,12.5,9.81,12.5,7.091124504821752
2024-04-04,28,8.86,13.18,10.99,13.18,7.890125815525638
2024-04-04,29,8.95,13.09,12.0,13.09,8.400295754273294
2024-04-04,30,8.94,13.09,12.45,13.09,10.11616579677373
2024-04-04,31,9.12,12.0,12.33,12.0,10.703861243777649
2024-04-04,32,9.66,14.0,13.24,14.0,12.138437471041463
2024-04-04,33,10.02,16.28,15.04,16.28,13.012710229937294
2024-04-04,34,10.52,16.28,15.53,16.28,14.261261046417513
2024-04-04,35,12.0,16.28,15.38,16.28,14.547209385618846
2024-04-04,36,14.5,16.28,16.75,16.28,14.632277025739313
2024-04-04,37,12.75,16.28,16.5,16.28,14.89341222943453
2024-04-04,38,12.75,16.28,15.88,16.28,15.08784714822133
2024-04-04,39,12.75,15.5,15.0,15.5,14.524611284842447
2024-04-04,40,12.32,14.16,13.37,14.16,14.423436499284678
2024-04-04,41,12.46,13.5,13.39,13.5,13.579646070399278
2024-04-04,42,12.0,12.5,12.34,12.5,12.775200898349356
2024-04-04,43,12.0,11.93,11.71,11.93,11.806040875678658
2024-04-04,44,10.89,10.58,10.0,10.58,11.343879555097221
2024-04-04,45,11.86,10.49,9.71,10.49,11.505689505761001
2024-04-04,46,10.14,9.7,9.76,9.7,10.853621925521708
2024-04-04,47,9.57,9.7,10.0,9.7,10.40234645859162
2024-04-04,48,9.02,8.95,9.31,8.95,9.607769509291227
2024-04-05,1,9.53,9.8,9.28,9.8,9.722915756081214
2024-04-05,2,10.02,10.5,9.5,10.5,9.718277219169709
2024-04-05,3,10.0,10.5,9.44,10.5,9.703905734465408
2024-04-05,4,10.02,10.49,9.45,10.49,9.799187734014527
2024-04-05,5,10.02,10.52,9.52,10.52,10.286636407717115
2024-04-05,6,10.3,10.43,9.66,10.43,10.446783015760374
2024-04-05,7,10.39,10.89,10.01,10.89,10.677390456321124
2024-04-05,8,10.51,10.77,10.02,10.77,10.931000862769878
2024-04-05,9,10.66,11.23,10.63,11.23,10.871011659505083
2024-04-05,10,11.18,11.79,10.0,11.79,10.9198669464996
2024-04-05,11,12.55,12.75,11.03,12.75,11.498138043848499
2024-04-05,12,11.61,11.76,11.14,11.76,11.473468303024033
2024-04-05,13,12.0,12.0,11.72,12.0,11.458327270416271
2024-04-05,14,12.0,13.15,11.72,13.15,11.571179431061317
2024-04-05,15,10.89,11.95,11.72,11.95,10.508451230467214
2024-04-05,16,9.87,10.32,11.72,10.32,9.400131928855897
2024-04-05,17,9.39,10.0,12.23,10.0,9.16549382714877
2024-04-05,18,9.41,9.33,12.53,9.33,8.795565106445427
2024-04-05,19,9.31,9.75,12.95,9.75,8.826554113825187
2024-04-05,20,9.18,9.25,12.27,9.25,7.871120862210222
2024-04-05,21,9.13,8.95,11.72,8.95,6.606264542614392
2024-04-05,22,8.68,8.82,9.99,8.82,5.705770808335827
2024-04-05,23,8.51,8.7,9.17,8.7,5.49392916581022
2024-04-05,24,8.68,7.96,8.13,7.96,4.8220586792645035
2024-04-05,25,8.0,7.15,6.5,7.15,3.281382754305218
2024-04-05,26,7.77,7.15,3.0,7.15,3.0221249342612744
2024-04-05,27,8.68,8.7,4.0,8.7,4.319306972488073
2024-04-05,28,8.95,8.86,3.12,8.86,5.06853026131706
2024-04-05,29,9.07,8.95,3.0,8.95,5.900694439848774
2024-04-05,30,9.03,8.94,3.0,8.94,6.995883005646143
2024-04-05,31,9.22,9.12,3.0,9.12,7.196682559654633
2024-04-05,32,9.69,9.66,5.0,9.66,7.833074021847439
2024-04-05,33,10.32,10.02,7.36,10.02,8.324657062638673
2024-04-05,34,11.41,10.52,8.46,10.52,9.647504456816486
2024-04-05,35,12.0,12.0,8.66,12.0,10.50372106928187
2024-04-05,36,13.09,14.5,10.86,14.5,12.467624526129136
2024-04-05,37,13.67,12.75,12.21,12.75,12.42621503209967
2024-04-05,38,16.03,12.75,12.39,12.75,12.598348526695695
2024-04-05,39,14.0,12.75,12.14,12.75,12.832540856136076
2024-04-05,40,13.9,12.32,11.61,12.32,12.803190988799694
2024-04-05,41,13.21,12.46,11.47,12.46,12.515628523368678
2024-04-05,42,13.09,12.0,11.52,12.0,12.323523002411992
2024-04-05,43,12.85,12.0,10.96,12.0,11.961816294467067
2024-04-05,44,12.55,10.89,10.58,10.89,11.189741108855394
2024-04-05,45,12.59,11.86,10.69,11.86,11.411065919659336
2024-04-05,46,11.0,10.14,9.82,10.14,10.792516919324264
2024-04-05,47,10.3,9.57,9.45,9.57,10.379528866052972
2024-04-05,48,9.74,9.02,9.0,9.02,9.395671890475384
2024-04-06,1,10.5,9.53,10.19,10.19,10.684380325180737
2024-04-06,2,10.26,10.02,10.19,10.19,10.384473941625835
2024-04-06,3,10.42,10.0,9.94,9.94,10.162438197493099
2024-04-06,4,10.95,10.02,9.82,9.82,10.216753742207114
2024-04-06,5,11.54,10.02,10.74,10.74,10.583007135931135
2024-04-06,6,12.0,10.3,11.05,11.05,10.616578464322947
2024-04-06,7,12.27,10.39,11.5,11.5,10.862914526121
2024-04-06,8,12.85,10.51,11.69,11.69,11.093838518897522
2024-04-06,9,12.85,10.66,12.11,12.11,11.081069982141628
2024-04-06,10,12.85,11.18,11.8,11.8,11.189986202286809
2024-04-06,11,12.85,12.55,11.72,11.72,11.610905690770485
2024-04-06,12,12.63,11.61,10.34,10.34,11.16005520484353
2024-04-06,13,11.99,12.0,9.35,9.35,10.976088610174555
2024-04-06,14,10.37,12.0,9.01,9.01,9.691890726080477
2024-04-06,15,9.47,10.89,8.17,8.17,8.392385793164802
2024-04-06,16,9.11,9.87,6.9,6.9,6.703758917756505
2024-04-06,17,9.11,9.39,3.0,3.0,6.631910859424769
2024-04-06,18,9.07,9.41,0.1,0.1,5.306467946185167
2024-04-06,19,9.03,9.31,0.01,0.01,4.652911752434678
2024-04-06,20,8.19,9.18,0.01,0.01,4.1775982284525455
2024-04-06,21,7.0,9.13,0.01,0.01,3.4887274565149236
2024-04-06,22,5.0,8.68,0.01,0.01,2.501525958410758
2024-04-06,23,4.0,8.51,0.01,0.01,2.020189859174904
2024-04-06,24,3.5,8.68,0.01,0.01,1.794331464598244
2024-04-06,25,3.0,8.0,0.01,0.01,1.8788259913048977
2024-04-06,26,3.0,7.77,0.01,0.01,1.8128028152240576
2024-04-06,27,5.27,8.68,0.01,0.01,2.363248920231948
2024-04-06,28,7.3,8.95,0.01,0.01,3.1537737468618783
2024-04-06,29,7.92,9.07,0.01,0.01,3.5432192647183456
2024-04-06,30,8.78,9.03,0.01,0.01,4.635811356801289
2024-04-06,31,9.14,9.22,0.01,0.01,5.335662459783494
2024-04-06,32,9.73,9.69,0.01,0.01,5.690113980613646
2024-04-06,33,9.67,10.32,3.41,3.41,5.445153662130748
2024-04-06,34,10.46,11.41,8.06,8.06,6.11061007525409
2024-04-06,35,10.63,12.0,8.85,8.85,8.292469906488256
2024-04-06,36,11.95,13.09,11.22,11.22,10.509645549824086
2024-04-06,37,12.85,13.67,11.46,11.46,11.379164738450964
2024-04-06,38,13.47,16.03,11.58,11.58,11.934529340207755
2024-04-06,39,12.65,14.0,11.49,11.49,12.562679097611094
2024-04-06,40,12.55,13.9,10.99,10.99,12.77054997096851
2024-04-06,41,12.0,13.21,10.91,10.91,12.568414270129342
2024-04-06,42,11.58,13.09,10.68,10.68,12.295856790767854
2024-04-06,43,11.33,12.85,10.29,10.29,11.881209473523349
2024-04-06,44,10.46,12.55,10.17,10.17,11.738185588863233
2024-04-06,45,10.62,12.59,9.91,9.91,11.8633282008506
2024-04-06,46,10.19,11.0,9.43,9.43,10.9532486996174
2024-04-06,47,10.22,10.3,9.38,9.38,10.264146896056696
2024-04-06,48,9.52,9.74,8.89,8.89,9.648668373651581
2024-04-07,1,10.96,10.5,9.49,9.49,10.201963664186742
2024-04-07,2,10.23,10.26,9.28,9.28,10.00255666833683
2024-04-07,3,10.11,10.42,9.3,9.3,9.995490164723428
2024-04-07,4,9.98,10.95,9.47,9.47,10.13425863226026
2024-04-07,5,10.16,11.54,9.74,9.74,10.61014231446436
2024-04-07,6,10.3,12.0,10.4,10.4,10.82348730195472
2024-04-07,7,10.41,12.27,11.03,11.03,11.103236490456597
2024-04-07,8,11.01,12.85,11.59,11.59,11.291175478138877
2024-04-07,9,10.5,12.85,11.43,11.43,11.421702099775732
2024-04-07,10,10.52,12.85,11.8,11.8,11.65742726189502
2024-04-07,11,10.45,12.85,11.8,11.8,11.671872635206608
2024-04-07,12,10.19,12.63,10.17,10.17,10.897060088450266
2024-04-07,13,9.88,11.99,9.25,9.25,10.133276595019025
2024-04-07,14,9.85,10.37,8.5,8.5,8.247703213527249
2024-04-07,15,8.95,9.47,6.0,6.0,6.811518075516851
2024-04-07,16,7.88,9.11,0.3,0.3,5.055313407324329
2024-04-07,17,8.12,9.11,0.01,0.01,4.382912032907543
2024-04-07,18,7.3,9.07,0.01,0.01,3.6446845474562526
2024-04-07,19,5.4,9.03,0.01,0.01,2.6485442995434667
2024-04-07,20,3.01,8.19,0.01,0.01,1.8222514042959048
2024-04-07,21,0.01,7.0,0.01,0.01,1.3975144418307046
2024-04-07,22,0.01,5.0,0.01,0.01,0.7967888454116832
2024-04-07,23,0.01,4.0,0.01,0.01,0.44447449850475884
2024-04-07,24,0.01,3.5,0.01,0.01,0.7115278855396756
2024-04-07,25,0.01,3.0,0.01,0.01,1.545548515670757
2024-04-07,26,0.01,3.0,0.01,0.01,1.9053262669657745
2024-04-07,27,0.01,5.27,0.01,0.01,1.7051942091687522
2024-04-07,28,0.01,7.3,0.01,0.01,2.2242144818349185
2024-04-07,29,0.03,7.92,0.01,0.01,2.628714509974804
2024-04-07,30,1.0,8.78,0.3,0.3,3.92281086068523
2024-04-07,31,3.0,9.14,3.0,3.0,4.806704625513142
2024-04-07,32,7.61,9.73,3.0,3.0,5.791471364538406
2024-04-07,33,8.51,9.67,7.48,7.48,6.148943538653329
2024-04-07,34,9.24,10.46,8.89,8.89,6.999568370968703
2024-04-07,35,10.03,10.63,10.0,10.0,9.463249069273536
2024-04-07,36,11.95,11.95,11.91,11.91,11.290327467926412
2024-04-07,37,13.4,12.85,11.8,11.8,12.058630715919366
2024-04-07,38,12.85,13.47,12.34,12.34,12.091488163693349
2024-04-07,39,13.0,12.65,12.22,12.22,12.250685111976168
2024-04-07,40,12.8,12.55,11.8,11.8,12.478402450998372
2024-04-07,41,12.49,12.0,11.8,11.8,12.129886716635584
2024-04-07,42,11.59,11.58,11.0,11.0,11.900450752605234
2024-04-07,43,12.55,11.33,10.49,10.49,11.290965249044701
2024-04-07,44,11.54,10.46,10.0,10.0,11.114825479595682
2024-04-07,45,10.26,10.62,9.82,9.82,11.146174168901716
2024-04-07,46,9.96,10.19,9.25,9.25,10.473800350863177
2024-04-07,47,9.95,10.22,9.0,9.0,10.334943314278487
2024-04-07,48,9.5,9.52,8.84,8.84,9.480959889343973
