slot,model,mae,q10,median,q90
1,naive_previous_day,0.7709863013698631,0.08000000000000007,0.5399999999999991,1.6060000000000005
2,naive_previous_day,0.7973698630136988,0.08999999999999986,0.5700000000000003,1.766000000000001
3,naive_previous_day,0.7781917808219179,0.08399999999999998,0.5800000000000001,1.7140000000000009
4,naive_previous_day,0.7454246575342467,0.08999999999999986,0.5500000000000007,1.6159999999999994
5,naive_previous_day,0.7567123287671232,0.08999999999999986,0.5899999999999999,1.6820000000000024
6,naive_previous_day,0.7851232876712329,0.1040000000000006,0.5700000000000003,1.788000000000001
7,naive_previous_day,0.7676438356164383,0.08999999999999986,0.5700000000000003,1.756
8,naive_previous_day,0.7455342465753425,0.08000000000000007,0.5600000000000005,1.670000000000001
9,naive_previous_day,0.7642465753424659,0.07000000000000028,0.5700000000000003,1.6840000000000006
10,naive_previous_day,0.783123287671233,0.09399999999999976,0.6000000000000014,1.7759999999999996
11,naive_previous_day,0.8392876712328766,0.10000000000000035,0.6399999999999988,1.7860000000000005
12,naive_previous_day,0.8721643835616439,0.11000000000000014,0.6600000000000001,1.9000000000000008
13,naive_previous_day,1.0567945205479452,0.11999999999999993,0.7599999999999998,2.4299999999999997
14,naive_previous_day,1.5574246575342467,0.14400000000000046,1.0,3.9259999999999997
15,naive_previous_day,1.8444657534246576,0.16000000000000014,1.209999999999999,4.388000000000001
16,naive_previous_day,2.1490136986301374,0.21400000000000075,1.3999999999999986,5.024000000000002
17,naive_previous_day,2.37241095890411,0.14400000000000046,1.5399999999999991,5.752000000000004
18,naive_previous_day,2.7876712328767126,0.2639999999999997,1.8399999999999999,6.566
19,naive_previous_day,3.0778904109589043,0.2579999999999998,2.2700000000000014,7.128000000000002
20,naive_previous_day,3.139534246575342,0.198,2.0700000000000003,7.912000000000002
21,naive_previous_day,3.122876712328767,0.1899999999999995,2.0299999999999994,7.966000000000001
22,naive_previous_day,3.1730958904109596,0.23400000000000032,2.0999999999999996,8.056000000000003
23,naive_previous_day,3.1640273972602735,0.13400000000000067,2.0,8.112000000000004
24,naive_previous_day,3.068027397260274,0.17399999999999982,2.049999999999999,7.6560000000000015
25,naive_previous_day,2.663917808219178,0.06999999999999976,1.7899999999999996,6.450000000000003
26,naive_previous_day,2.663123287671233,0.08000000000000007,1.7800000000000011,6.888000000000002
27,naive_previous_day,3.003972602739726,0.16999999999999887,1.9000000000000004,8.416000000000006
28,naive_previous_day,3.1887671232876715,0.17799999999999974,1.7300000000000004,8.492
29,naive_previous_day,3.2179452054794524,0.10399999999999955,1.6799999999999997,8.698000000000002
30,naive_previous_day,3.068575342465753,0.13399999999999998,1.6500000000000004,8.662000000000008
31,naive_previous_day,2.7665753424657535,0.13400000000000067,1.5399999999999991,7.610000000000003
32,naive_previous_day,2.8232054794520547,0.2039999999999999,1.8100000000000005,7.0660000000000025
33,naive_previous_day,2.9166575342465753,0.14000000000000057,1.8399999999999999,7.220000000000002
34,naive_previous_day,2.7359726027397264,0.13400000000000067,1.7199999999999989,6.456000000000004
35,naive_previous_day,2.3338630136986303,0.2539999999999999,1.5999999999999979,5.018000000000001
36,naive_previous_day,2.0447945205479456,0.129999999999999,1.360000000000003,4.466000000000001
37,naive_previous_day,1.9792602739726028,0.21999999999999886,1.3399999999999999,4.550000000000002
38,naive_previous_day,1.8838082191780823,0.16000000000000014,1.3200000000000003,4.262
39,naive_previous_day,1.725041095890411,0.129999999999999,1.2599999999999998,3.8580000000000036
40,naive_previous_day,1.5698630136986302,0.14000000000000057,1.25,3.6960000000000037
41,naive_previous_day,1.4787397260273973,0.11999999999999993,1.0699999999999985,3.4659999999999997
42,naive_previous_day,1.3437808219178085,0.1399999999999988,0.9399999999999995,3.2660000000000005
43,naive_previous_day,1.2182191780821918,0.12999999999999973,0.7799999999999994,3.1099999999999994
44,naive_previous_day,1.0106301369863013,0.09999999999999964,0.7300000000000004,2.196
45,naive_previous_day,1.0232328767123289,0.10399999999999955,0.75,2.3779999999999997
46,naive_previous_day,0.8681917808219177,0.09400000000000082,0.6600000000000001,2.0200000000000005
47,naive_previous_day,0.8494520547945206,0.11999999999999922,0.6500000000000004,1.9260000000000022
48,naive_previous_day,0.7310958904109588,0.07000000000000028,0.47000000000000064,1.75
1,naive_week,1.1635890410958902,0.16000000000000014,0.7799999999999994,2.7620000000000022
2,naive_week,1.1903013698630138,0.11999999999999922,0.8099999999999987,2.844000000000001
3,naive_week,1.2507123287671233,0.14400000000000046,0.8800000000000008,3.144000000000002
4,naive_week,1.2098356164383564,0.15000000000000036,0.8500000000000014,2.856
5,naive_week,1.2014520547945209,0.1240000000000009,0.8900000000000006,2.726000000000001
6,naive_week,1.2268767123287672,0.17400000000000054,0.9299999999999997,2.7520000000000002
7,naive_week,1.1952054794520548,0.16000000000000014,0.9299999999999997,2.6380000000000012
8,naive_week,1.1549041095890413,0.17399999999999982,0.9100000000000001,2.584000000000001
9,naive_week,1.1729315068493151,0.16000000000000014,1.0,2.58
10,naive_week,1.182027397260274,0.15000000000000036,0.9399999999999995,2.6399999999999997
11,naive_week,1.2338904109589042,0.15000000000000036,0.9000000000000004,2.7859999999999996
12,naive_week,1.261945205479452,0.1399999999999995,0.870000000000001,2.9000000000000004
13,naive_week,1.4755342465753427,0.1499999999999993,1.0600000000000005,3.5020000000000002
14,naive_week,1.9876164383561645,0.2539999999999999,1.2899999999999991,4.734000000000004
15,naive_week,2.23572602739726,0.26799999999999957,1.5199999999999996,5.448000000000004
16,naive_week,2.5094794520547947,0.23399999999999962,1.8699999999999992,5.97
17,naive_week,2.7967123287671236,0.25,2.3200000000000003,6.216000000000001
18,naive_week,3.4146301369863012,0.39000000000000057,2.530000000000001,7.646
19,naive_week,3.729123287671233,0.4880000000000002,2.9399999999999995,8.438
20,naive_week,3.903342465753424,0.5239999999999995,2.84,8.972
21,naive_week,3.8989315068493156,0.35600000000000015,2.59,9.136000000000003
22,naive_week,4.00641095890411,0.3099999999999996,2.58,9.342
23,naive_week,4.155178082191781,0.3659999999999996,2.91,9.878000000000002
24,naive_week,4.239095890410959,0.2819999999999997,3.05,9.816000000000003
25,naive_week,3.9649315068493154,0.1840000000000007,2.99,9.236000000000002
26,naive_week,3.97668493150685,0.2599999999999998,2.99,9.258000000000001
27,naive_week,4.100273972602739,0.25,2.8200000000000003,9.826
28,naive_week,4.128739726027398,0.2980000000000007,2.42,10.056000000000001
29,naive_week,4.1183287671232875,0.2440000000000001,2.5500000000000007,10.178
30,naive_week,3.9821095890410954,0.28799999999999915,2.5199999999999996,9.646
31,naive_week,3.7125205479452053,0.3200000000000003,2.4399999999999995,8.966000000000001
32,naive_week,3.865616438356164,0.41999999999999993,2.66,9.102
33,naive_week,3.8076712328767126,0.3180000000000003,2.610000000000001,8.462000000000002
34,naive_week,3.832493150684932,0.36200000000000004,2.580000000000002,8.600000000000001
35,naive_week,3.4456986301369863,0.4399999999999995,2.5,7.580000000000005
36,naive_week,3.373342465753425,0.38399999999999884,2.4700000000000006,7.520000000000004
37,naive_week,3.414109589041096,0.36999999999999994,2.7399999999999984,7.5060000000000064
38,naive_week,3.322630136986301,0.45399999999999985,2.5700000000000003,7.120000000000002
39,naive_week,3.0777534246575344,0.4179999999999999,2.580000000000002,6.6659999999999995
40,naive_week,2.8541643835616437,0.35799999999999943,2.289999999999999,6.406000000000001
41,naive_week,2.7803013698630137,0.3100000000000005,2.120000000000001,6.252000000000002
42,naive_week,2.617013698630137,0.31399999999999934,1.9100000000000001,6.032
43,naive_week,2.232109589041096,0.24800000000000003,1.75,5.170000000000001
44,naive_week,1.7611232876712328,0.1999999999999993,1.3000000000000007,4.152000000000001
45,naive_week,1.738849315068493,0.16999999999999993,1.2599999999999998,4.02
46,naive_week,1.4405205479452055,0.19000000000000022,1.120000000000001,3.0880000000000023
47,naive_week,1.3865479452054796,0.17999999999999972,0.9799999999999986,3.2480000000000007
48,naive_week,1.2458904109589042,0.13000000000000078,0.8300000000000001,3.0140000000000007
1,naive_weekday,0.8959178082191781,0.08399999999999998,0.5800000000000001,2.0119999999999996
2,naive_weekday,0.9480273972602739,0.11400000000000039,0.629999999999999,2.436000000000002
3,naive_weekday,0.9604109589041094,0.09999999999999964,0.6500000000000004,2.360000000000003
4,naive_weekday,0.9148493150684933,0.11999999999999922,0.5800000000000001,2.1600000000000015
5,naive_weekday,0.9204109589041097,0.10999999999999943,0.6499999999999986,2.0620000000000007
6,naive_weekday,0.9393150684931506,0.13000000000000078,0.6600000000000001,2.17
7,naive_weekday,0.895123287671233,0.09399999999999976,0.6600000000000001,1.9900000000000007
8,naive_weekday,0.8722739726027399,0.10999999999999943,0.6799999999999997,1.9320000000000002
9,naive_weekday,0.8902191780821918,0.08999999999999986,0.6600000000000001,2.0460000000000003
10,naive_weekday,0.8932328767123286,0.120000000000001,0.6300000000000008,2.012
11,naive_weekday,0.9440547945205479,0.12999999999999973,0.6699999999999999,2.064000000000002
12,naive_weekday,0.9351780821917809,0.129999999999999,0.7099999999999991,2.106
13,naive_weekday,1.0750684931506849,0.10999999999999943,0.7599999999999998,2.4299999999999997
14,naive_weekday,1.4475342465753422,0.1399999999999995,0.9699999999999989,3.4920000000000058
15,naive_weekday,1.6056986301369864,0.14400000000000046,1.0500000000000007,3.722
16,naive_weekday,1.8793972602739726,0.13000000000000078,1.2800000000000011,4.660000000000003
17,naive_weekday,2.131835616438356,0.12399999999999912,1.4299999999999997,5.056000000000001
18,naive_weekday,2.6045753424657536,0.1820000000000007,1.7300000000000004,6.488000000000001
19,naive_weekday,2.8779726027397263,0.2440000000000001,1.9000000000000004,7.0340000000000025
20,naive_weekday,3.1015342465753424,0.23000000000000043,1.8899999999999988,7.9
21,naive_weekday,3.116109589041096,0.1840000000000007,1.8099999999999987,7.822000000000002
22,naive_weekday,3.194301369863014,0.2539999999999999,2.01,7.9780000000000015
23,naive_weekday,3.1989589041095887,0.14800000000000038,1.9900000000000002,7.998000000000001
24,naive_weekday,3.249068493150686,0.1839999999999996,2.0500000000000007,7.926
25,naive_weekday,3.0455342465753428,0.09199999999999978,1.92,7.912
26,naive_weekday,2.9746575342465755,0.09399999999999976,1.9100000000000001,8.188
27,naive_weekday,3.0600821917808223,0.17399999999999982,1.83,8.362000000000002
28,naive_weekday,3.030082191780822,0.17399999999999982,1.6399999999999988,8.176
29,naive_weekday,3.014712328767123,0.10999999999999943,1.5,8.496
30,naive_weekday,2.8171232876712327,0.12400000000000018,1.5899999999999999,7.930000000000009
31,naive_weekday,2.5594520547945208,0.129999999999999,1.5,6.82
32,naive_weekday,2.5464657534246578,0.21999999999999958,1.6199999999999992,6.684000000000009
33,naive_weekday,2.515945205479452,0.14000000000000057,1.6099999999999994,6.482000000000009
34,naive_weekday,2.4037534246575345,0.12400000000000018,1.5599999999999987,5.640000000000001
35,naive_weekday,2.269150684931507,0.22799999999999937,1.5700000000000003,5.0600000000000005
36,naive_weekday,2.1215616438356166,0.11999999999999993,1.3900000000000006,4.666
37,naive_weekday,2.182438356164384,0.1999999999999993,1.5500000000000007,4.7
38,naive_weekday,2.1278082191780823,0.19400000000000048,1.3800000000000026,4.762000000000001
39,naive_weekday,1.999972602739726,0.11800000000000137,1.4799999999999969,4.312000000000004
40,naive_weekday,1.8923561643835618,0.15400000000000025,1.3599999999999994,4.010000000000001
41,naive_weekday,1.7999178082191782,0.1240000000000009,1.3100000000000005,4.026000000000001
42,naive_weekday,1.6761369863013698,0.17199999999999985,1.1400000000000006,3.884000000000002
43,naive_weekday,1.46172602739726,0.12400000000000018,0.9199999999999999,3.470000000000002
44,naive_weekday,1.1831780821917808,0.11400000000000039,0.9199999999999999,2.530000000000001
45,naive_weekday,1.1004931506849314,0.09399999999999976,0.7900000000000009,2.536000000000002
46,naive_weekday,0.9865205479452056,0.09999999999999964,0.7000000000000011,2.306
47,naive_weekday,0.9663287671232877,0.10999999999999943,0.6500000000000004,2.352000000000002
48,naive_weekday,0.8810410958904109,0.07000000000000028,0.5600000000000005,2.1999999999999993
1,lear_lasso,0.5906918974424336,0.10620914392966334,0.42786417336156646,1.268004425491822
2,lear_lasso,0.5810001874607791,0.07258139342849645,0.43699500490754417,1.2396973332157417
3,lear_lasso,0.5859996788093969,0.07635081783194621,0.4619354683342056,1.2356589769258002
4,lear_lasso,0.5759333847305795,0.05385589303005389,0.4477549864147754,1.21403423267142
5,lear_lasso,0.5923685113012336,0.07214998469898966,0.4501423144643599,1.2173663032835593
6,lear_lasso,0.6132218588673187,0.0893260896651256,0.4436290255248423,1.4139852124682437
7,lear_lasso,0.620349569974678,0.07444746557801274,0.5078935348942188,1.2931345522448363
8,lear_lasso,0.6154072579247625,0.08412084968577531,0.5016512574522363,1.285411150270753
9,lear_lasso,0.6276428891303454,0.09046955880126113,0.5163313152568101,1.3236215531433482
10,lear_lasso,0.6448201504196912,0.09238609582686763,0.49626609333772187,1.3814504255814188
11,lear_lasso,0.70893125485719,0.10711051262042375,0.5934481902301787,1.3632972421296763
12,lear_lasso,0.7073683326933493,0.12349152958544742,0.557371385413882,1.5364664042109428
13,lear_lasso,0.8393350754032635,0.12104258881900094,0.609368925892749,1.8953012746752886
14,lear_lasso,1.230312778217593,0.1528168372674042,0.8811205783611893,2.8779396887983295
15,lear_lasso,1.431424059908579,0.17695361015513278,1.0445357349253186,3.437216552578471
16,lear_lasso,1.6473157333785624,0.253094333636696,1.2084356853662737,3.6578190248739832
17,lear_lasso,1.7836179915496104,0.22077573163967354,1.350292879747558,4.061510619943287
18,lear_lasso,2.073093601292595,0.2818064091120814,1.6384356256674568,4.422406844763432
19,lear_lasso,2.257502240306434,0.2639146009399031,1.7427891972555525,5.084798347255864
20,lear_lasso,2.3809670899894497,0.24671844168487134,1.8168011158553394,5.130175255793631
21,lear_lasso,2.450783245836791,0.2959261746914251,1.9378775935860197,5.218458218330569
22,lear_lasso,2.5246847760183133,0.34958176103588345,1.9669157975058447,5.600423634042091
23,lear_lasso,2.546590783084885,0.3640525979969656,1.9727612612923178,5.610942940545786
24,lear_lasso,2.6151521191520244,0.38714379188088444,2.0938526648817604,5.449083373555555
25,lear_lasso,2.548494051712801,0.46704982715879334,1.9725979950127623,5.504429149432742
26,lear_lasso,2.5627133194138874,0.3214979282762442,2.12612731237901,5.479137583675291
27,lear_lasso,2.6367685822433393,0.4316091362299517,2.116626387376005,5.761974375176482
28,lear_lasso,2.643887793821855,0.3707379308348493,2.009084458818351,5.62065552081487
29,lear_lasso,2.6488986487091215,0.3716817106184404,2.164065695453287,5.549946903140091
30,lear_lasso,2.5073480562300445,0.394242827560501,2.0293197158828864,5.162826793593978
31,lear_lasso,2.35283123453363,0.4404665514340401,1.926617302970957,4.744805243891848
32,lear_lasso,2.3303995461284757,0.3328993766583704,1.8185286354615942,4.920452153831689
33,lear_lasso,2.2862128060304028,0.28517500299932086,1.7344947100166745,4.944839070667859
34,lear_lasso,2.323320910101116,0.2825843069691224,1.7450129375209222,4.850385240914074
35,lear_lasso,2.0806462507247914,0.29416154149774415,1.5811256735155315,4.243390056224482
36,lear_lasso,1.976284792992374,0.22609083691338086,1.4907920467340166,4.095082206075435
37,lear_lasso,1.8351570018170689,0.24980230292419206,1.428398027884466,3.858991281951724
38,lear_lasso,1.7453222976746785,0.22509112206438003,1.391882209197627,3.762310036840647
39,lear_lasso,1.591594882662744,0.24107283191067877,1.2786170956592677,3.462268082918011
40,lear_lasso,1.4857197346174909,0.22141071706779838,1.1713614832458408,3.308669034642356
41,lear_lasso,1.4022737931191456,0.2295136973528645,1.1602101417020716,3.0181690207551
42,lear_lasso,1.3261848366406945,0.25348503208827144,1.0156706536485292,2.7266666802093065
43,lear_lasso,1.1601002378637182,0.17018089843617404,0.8735210507980149,2.4689179065072
44,lear_lasso,0.9413659209980569,0.13305491461810917,0.7510065601376983,2.000208182777564
45,lear_lasso,0.9456711177024252,0.1608490115828733,0.7515156175224202,2.0226081415217467
46,lear_lasso,0.7830115948659632,0.1254621972089353,0.5837479335369817,1.72915276319866
47,lear_lasso,0.751221529365718,0.09394544360208243,0.5855629083794707,1.6416983312517857
48,lear_lasso,0.6765479890950561,0.07707526622889667,0.48987137502263955,1.6498187125633503
